title,vote,comments,URL
[RESULTS] Post-Match Player Ratings | Brighton 1-3 Chelsea | EPL | 2020-Sep-14,141,120,www.reddit.com/r/chelseafc/comments/itnzby/results_postmatch_player_ratings_brighton_13/
RIP,141,46,www.reddit.com/r/chelseafc/comments/itf8gf/rip/
"Reddit is a website that a lot of people visit. If you want to make your own website that a lot of people visit, try using Squarespace.",2.1k,0,www.reddit.comhttps://alb.reddit.com/cr?p=gAAAAABfYd8j47r2IKsfnlQI5sfcBjketrBZH7oYM-PsWenyddHuz71pXaOMYQpL7v5RGNVu8KYF6F6govh0Gz5rsoLzcwaVFbsXoHiTEwDU0EG_KPdf0jMWKEyKeHVWwRTe_6svQY_A9VgF-4epTWQ4fhgEaqgGUCqmIMmc39ECogvADBDIoHGm1tUYwS6uCOAd7ElehS815BhiFTWCdPwWgeFFZZqiuevVcpBhdxZWcW_8QncolFv-YqlmtKdr5S-u4nLDFJKqgpwxCrU2Fvo2wY9f3GybpAGqdnYOm5NycQhjP6NxkPWXIvG0Vawd8lZ55-JEDdmBnuzqcnHliQKxXDZ2Gh8JOd1gfpG8eP7HKlyz7QqDkZCp9Kud0zQakGpG_DcPmx5LJqrF39ubLIyfZLO8-2wDACGvKjNnOk6KU2ljauwtcxt6I16jgq2k0SHLn5PAuXIJjcFIZ1Stq-ykjpZ5ElLknWnX3st9wGSM7qubKq_Iaid-oLpLsPwxvqP31ZdvPFb8SV_M6pGenjKPxMboxZEuMEsZ3oMgJftfguyPa-_hy3QZk28usQTtcSK4xugEqN-nyzUuh7eYQxyDkR8YcYLHO8bUC806EmDlhZuzUo-YBjMkAJ2ngd_iQ7fj3rz-5iGQYYaVC-fsMoB04a2blEKWxZMjHXnB5BU0CzcSS9IkXBbM9UOM95y9gp2HmolYZQB2N-TavC-R7D-xcOy-CaonN8TxgQT7eCq4VOuP-v5I-Ex15gNvKIh2hUO-S3qPsEpL2C_B0uQ0uWQx86M2rZugjpcqSgFx2mAhjCmTfPWMMULL3F4oLmKPMlEbYq_0750tGvVozIb6OSCpqAcsO26BKqUa22V8_-sE-TbKtBAz-I4s5NJOGC9X-elxa9URwNxBueguLxtHCWNAka48XwPNwnLndwTzdmBkxQtwfxdv3Kf5Z6I1-ns-rfkwXFOEgPFw1tAFeVRq9ZYUxr2tM_oxVd9SupJNogKj0Hw-QIKNLrKIbe1rudSiJBONGhTkcZ5vYzUmCW9y06cG1gApn8UxyDsJZyBvEaH_2Q_cVklvhUn5sK9v1ix-y7G-wCqYanDSPBTi0bpcaaCGZEd3G7dR2v66eGi7Kf2B_rysnBvZO1gpHF_aJ6cOLGSeD5p1I8tXxfhHV9drtgoEyoOU0eW2FgFBX6oI_GkY25ZT501kJAs5SopDCnl4966GYknAqXFGMhlLLXlG73vpOcIqUuB9SQLth2ozsKDHjXwn-TBF3uj3elQKkO359yF3MCOFJtXS3e-tdQ_T3YvsPMpwtgSyjyadW0CrhDtVWA4KiQbkc_T_x9C2SjxFiViXgKzSOY0P7QyREikoDVEcVAkqu9TgyPFd43UnKp_i_MsVoJfbjQ25ibYQV_tTuNydF-xYHSQhVxZmdUaEb4W3T9I7eK79-DUARx1CAs97iZJ71fTocA5SZl7T4dtCqKx9kG5Wk-w2eMZShhXv8P4OYFV5uBTulGWA0rPyzxgApoNc8KL1c-2-t6OSSACFaQypqw0DMcr_ZxpEaszba4HJVKt8TRYxkM-wXEGMt6ImMsIoGlGBPwN8lW3aE-GEKZYaWrG7ilbr5xintE3iZTFd_DU2k2CNA5JU6rYnVueLExUb5f7iYMTmdtziSDYbKJr_DC-oqs0MRPEN1BghDbkZpf_E0E_a4LzyIlt97sxifiQuFaPcdfhwvlx_w9aqPgdwx9EsrA8ngrbRAXfM5cciJsdmh7Aivw1Dty71OQEWKhe3gGBn0_fHvqfvebe35phBnUKPfylwz-LM4SFJ13SIlZvXAlgg9lSo2lLjh97AloUmWudxArfe7ai6bQqCS-U6C0FgKgSz3tI08YD1FrStVJ20lzhqkI3y9ZI70jxR4Cr45j0yv7gjhfUfkOOWNwSYAuX0Y_ON-apfsfP2JgHxDIlOdhDn8sDqd1pcTmHiRu4-nbV8Vcs2s3IeNil8yDoY5XCZ1vP20T7nrgXTFUvcXN30xXueDoErKEJEp_hsGxFAjbFNWJNKhb3kVWU4LIARu1xjbaRNvhBJ8J7zdbuRIeG7dql-lpOTDQZN7W-G_B6EUjcTCCLnU5igJnug01oduZi641nMSYWsAWV6X63IiCmj5MEBb8PgGfzN4mAHvKdIvdjxFATKxfwLow49mbZktM1j0BmmMak-0v-CGpVIxcNfq24m5_AuSxLFm46aqFIkdfMGhVOGNjSLjzN7Aq7SUBj6gNsynqaZVmpYFyv5boiRDTKiv_Z2X9qs4DV8xPT8eR2w-hVDfc3jBYhKjukZsRah1hx_Dw48FFhCtEiH0yGfrbQFVVtUgU_2b8XLTbhE1BiazhRSsvZwjVZQ74-Rzarih8Lpopk04fIgVYRpkQpfhxgZLDoWLXQWDLsZ0yYnsHXWFrgXmqp9VkPpevaRJwGubSFE66Gl1eAAD3iZ8dOdPBcnYw==
"Made a poster for Reece James! Also, thank you for the support shown on my Pulisic poster! Leave suggestions on who I should do next :) [ SIZE: A4 ]",2.1k,6,www.reddit.com/r/chelseafc/comments/itqu9r/made_a_poster_for_reece_james_also_thank_you_for/
Something I've been thinking for a while,3,53,www.reddit.com/r/chelseafc/comments/ith6z5/something_ive_been_thinking_for_a_while/
Werner apologizing to Havertz after opting to shoot instead of picking out his run into the box,3,17,www.reddit.com/r/chelseafc/comments/itrgnn/werner_apologizing_to_havertz_after_opting_to/
I think he misses us,132,42,www.reddit.com/r/chelseafc/comments/ith5c0/i_think_he_misses_us/
[RESULTS] Post-Match Player Ratings | Brighton 1-3 Chelsea | EPL | 2020-Sep-14,141,120,www.reddit.com/r/chelseafc/comments/itnzby/results_postmatch_player_ratings_brighton_13/
RIP,141,46,www.reddit.com/r/chelseafc/comments/itf8gf/rip/
"Reddit is a website that a lot of people visit. If you want to make your own website that a lot of people visit, try using Squarespace.",2.1k,0,www.reddit.comhttps://alb.reddit.com/cr?p=gAAAAABfYd8j47r2IKsfnlQI5sfcBjketrBZH7oYM-PsWenyddHuz71pXaOMYQpL7v5RGNVu8KYF6F6govh0Gz5rsoLzcwaVFbsXoHiTEwDU0EG_KPdf0jMWKEyKeHVWwRTe_6svQY_A9VgF-4epTWQ4fhgEaqgGUCqmIMmc39ECogvADBDIoHGm1tUYwS6uCOAd7ElehS815BhiFTWCdPwWgeFFZZqiuevVcpBhdxZWcW_8QncolFv-YqlmtKdr5S-u4nLDFJKqgpwxCrU2Fvo2wY9f3GybpAGqdnYOm5NycQhjP6NxkPWXIvG0Vawd8lZ55-JEDdmBnuzqcnHliQKxXDZ2Gh8JOd1gfpG8eP7HKlyz7QqDkZCp9Kud0zQakGpG_DcPmx5LJqrF39ubLIyfZLO8-2wDACGvKjNnOk6KU2ljauwtcxt6I16jgq2k0SHLn5PAuXIJjcFIZ1Stq-ykjpZ5ElLknWnX3st9wGSM7qubKq_Iaid-oLpLsPwxvqP31ZdvPFb8SV_M6pGenjKPxMboxZEuMEsZ3oMgJftfguyPa-_hy3QZk28usQTtcSK4xugEqN-nyzUuh7eYQxyDkR8YcYLHO8bUC806EmDlhZuzUo-YBjMkAJ2ngd_iQ7fj3rz-5iGQYYaVC-fsMoB04a2blEKWxZMjHXnB5BU0CzcSS9IkXBbM9UOM95y9gp2HmolYZQB2N-TavC-R7D-xcOy-CaonN8TxgQT7eCq4VOuP-v5I-Ex15gNvKIh2hUO-S3qPsEpL2C_B0uQ0uWQx86M2rZugjpcqSgFx2mAhjCmTfPWMMULL3F4oLmKPMlEbYq_0750tGvVozIb6OSCpqAcsO26BKqUa22V8_-sE-TbKtBAz-I4s5NJOGC9X-elxa9URwNxBueguLxtHCWNAka48XwPNwnLndwTzdmBkxQtwfxdv3Kf5Z6I1-ns-rfkwXFOEgPFw1tAFeVRq9ZYUxr2tM_oxVd9SupJNogKj0Hw-QIKNLrKIbe1rudSiJBONGhTkcZ5vYzUmCW9y06cG1gApn8UxyDsJZyBvEaH_2Q_cVklvhUn5sK9v1ix-y7G-wCqYanDSPBTi0bpcaaCGZEd3G7dR2v66eGi7Kf2B_rysnBvZO1gpHF_aJ6cOLGSeD5p1I8tXxfhHV9drtgoEyoOU0eW2FgFBX6oI_GkY25ZT501kJAs5SopDCnl4966GYknAqXFGMhlLLXlG73vpOcIqUuB9SQLth2ozsKDHjXwn-TBF3uj3elQKkO359yF3MCOFJtXS3e-tdQ_T3YvsPMpwtgSyjyadW0CrhDtVWA4KiQbkc_T_x9C2SjxFiViXgKzSOY0P7QyREikoDVEcVAkqu9TgyPFd43UnKp_i_MsVoJfbjQ25ibYQV_tTuNydF-xYHSQhVxZmdUaEb4W3T9I7eK79-DUARx1CAs97iZJ71fTocA5SZl7T4dtCqKx9kG5Wk-w2eMZShhXv8P4OYFV5uBTulGWA0rPyzxgApoNc8KL1c-2-t6OSSACFaQypqw0DMcr_ZxpEaszba4HJVKt8TRYxkM-wXEGMt6ImMsIoGlGBPwN8lW3aE-GEKZYaWrG7ilbr5xintE3iZTFd_DU2k2CNA5JU6rYnVueLExUb5f7iYMTmdtziSDYbKJr_DC-oqs0MRPEN1BghDbkZpf_E0E_a4LzyIlt97sxifiQuFaPcdfhwvlx_w9aqPgdwx9EsrA8ngrbRAXfM5cciJsdmh7Aivw1Dty71OQEWKhe3gGBn0_fHvqfvebe35phBnUKPfylwz-LM4SFJ13SIlZvXAlgg9lSo2lLjh97AloUmWudxArfe7ai6bQqCS-U6C0FgKgSz3tI08YD1FrStVJ20lzhqkI3y9ZI70jxR4Cr45j0yv7gjhfUfkOOWNwSYAuX0Y_ON-apfsfP2JgHxDIlOdhDn8sDqd1pcTmHiRu4-nbV8Vcs2s3IeNil8yDoY5XCZ1vP20T7nrgXTFUvcXN30xXueDoErKEJEp_hsGxFAjbFNWJNKhb3kVWU4LIARu1xjbaRNvhBJ8J7zdbuRIeG7dql-lpOTDQZN7W-G_B6EUjcTCCLnU5igJnug01oduZi641nMSYWsAWV6X63IiCmj5MEBb8PgGfzN4mAHvKdIvdjxFATKxfwLow49mbZktM1j0BmmMak-0v-CGpVIxcNfq24m5_AuSxLFm46aqFIkdfMGhVOGNjSLjzN7Aq7SUBj6gNsynqaZVmpYFyv5boiRDTKiv_Z2X9qs4DV8xPT8eR2w-hVDfc3jBYhKjukZsRah1hx_Dw48FFhCtEiH0yGfrbQFVVtUgU_2b8XLTbhE1BiazhRSsvZwjVZQ74-Rzarih8Lpopk04fIgVYRpkQpfhxgZLDoWLXQWDLsZ0yYnsHXWFrgXmqp9VkPpevaRJwGubSFE66Gl1eAAD3iZ8dOdPBcnYw==
"Made a poster for Reece James! Also, thank you for the support shown on my Pulisic poster! Leave suggestions on who I should do next :) [ SIZE: A4 ]",2.1k,6,www.reddit.com/r/chelseafc/comments/itqu9r/made_a_poster_for_reece_james_also_thank_you_for/
Something I've been thinking for a while,3,53,www.reddit.com/r/chelseafc/comments/ith6z5/something_ive_been_thinking_for_a_while/
Werner apologizing to Havertz after opting to shoot instead of picking out his run into the box,3,17,www.reddit.com/r/chelseafc/comments/itrgnn/werner_apologizing_to_havertz_after_opting_to/
I think he misses us,132,42,www.reddit.com/r/chelseafc/comments/ith5c0/i_think_he_misses_us/
[RESULTS] Post-Match Player Ratings | Brighton 1-3 Chelsea | EPL | 2020-Sep-14,141,120,www.reddit.com/r/chelseafc/comments/itnzby/results_postmatch_player_ratings_brighton_13/
RIP,141,46,www.reddit.com/r/chelseafc/comments/itf8gf/rip/
"Reddit is a website that a lot of people visit. If you want to make your own website that a lot of people visit, try using Squarespace.",2.1k,0,www.reddit.comhttps://alb.reddit.com/cr?p=gAAAAABfYd8j47r2IKsfnlQI5sfcBjketrBZH7oYM-PsWenyddHuz71pXaOMYQpL7v5RGNVu8KYF6F6govh0Gz5rsoLzcwaVFbsXoHiTEwDU0EG_KPdf0jMWKEyKeHVWwRTe_6svQY_A9VgF-4epTWQ4fhgEaqgGUCqmIMmc39ECogvADBDIoHGm1tUYwS6uCOAd7ElehS815BhiFTWCdPwWgeFFZZqiuevVcpBhdxZWcW_8QncolFv-YqlmtKdr5S-u4nLDFJKqgpwxCrU2Fvo2wY9f3GybpAGqdnYOm5NycQhjP6NxkPWXIvG0Vawd8lZ55-JEDdmBnuzqcnHliQKxXDZ2Gh8JOd1gfpG8eP7HKlyz7QqDkZCp9Kud0zQakGpG_DcPmx5LJqrF39ubLIyfZLO8-2wDACGvKjNnOk6KU2ljauwtcxt6I16jgq2k0SHLn5PAuXIJjcFIZ1Stq-ykjpZ5ElLknWnX3st9wGSM7qubKq_Iaid-oLpLsPwxvqP31ZdvPFb8SV_M6pGenjKPxMboxZEuMEsZ3oMgJftfguyPa-_hy3QZk28usQTtcSK4xugEqN-nyzUuh7eYQxyDkR8YcYLHO8bUC806EmDlhZuzUo-YBjMkAJ2ngd_iQ7fj3rz-5iGQYYaVC-fsMoB04a2blEKWxZMjHXnB5BU0CzcSS9IkXBbM9UOM95y9gp2HmolYZQB2N-TavC-R7D-xcOy-CaonN8TxgQT7eCq4VOuP-v5I-Ex15gNvKIh2hUO-S3qPsEpL2C_B0uQ0uWQx86M2rZugjpcqSgFx2mAhjCmTfPWMMULL3F4oLmKPMlEbYq_0750tGvVozIb6OSCpqAcsO26BKqUa22V8_-sE-TbKtBAz-I4s5NJOGC9X-elxa9URwNxBueguLxtHCWNAka48XwPNwnLndwTzdmBkxQtwfxdv3Kf5Z6I1-ns-rfkwXFOEgPFw1tAFeVRq9ZYUxr2tM_oxVd9SupJNogKj0Hw-QIKNLrKIbe1rudSiJBONGhTkcZ5vYzUmCW9y06cG1gApn8UxyDsJZyBvEaH_2Q_cVklvhUn5sK9v1ix-y7G-wCqYanDSPBTi0bpcaaCGZEd3G7dR2v66eGi7Kf2B_rysnBvZO1gpHF_aJ6cOLGSeD5p1I8tXxfhHV9drtgoEyoOU0eW2FgFBX6oI_GkY25ZT501kJAs5SopDCnl4966GYknAqXFGMhlLLXlG73vpOcIqUuB9SQLth2ozsKDHjXwn-TBF3uj3elQKkO359yF3MCOFJtXS3e-tdQ_T3YvsPMpwtgSyjyadW0CrhDtVWA4KiQbkc_T_x9C2SjxFiViXgKzSOY0P7QyREikoDVEcVAkqu9TgyPFd43UnKp_i_MsVoJfbjQ25ibYQV_tTuNydF-xYHSQhVxZmdUaEb4W3T9I7eK79-DUARx1CAs97iZJ71fTocA5SZl7T4dtCqKx9kG5Wk-w2eMZShhXv8P4OYFV5uBTulGWA0rPyzxgApoNc8KL1c-2-t6OSSACFaQypqw0DMcr_ZxpEaszba4HJVKt8TRYxkM-wXEGMt6ImMsIoGlGBPwN8lW3aE-GEKZYaWrG7ilbr5xintE3iZTFd_DU2k2CNA5JU6rYnVueLExUb5f7iYMTmdtziSDYbKJr_DC-oqs0MRPEN1BghDbkZpf_E0E_a4LzyIlt97sxifiQuFaPcdfhwvlx_w9aqPgdwx9EsrA8ngrbRAXfM5cciJsdmh7Aivw1Dty71OQEWKhe3gGBn0_fHvqfvebe35phBnUKPfylwz-LM4SFJ13SIlZvXAlgg9lSo2lLjh97AloUmWudxArfe7ai6bQqCS-U6C0FgKgSz3tI08YD1FrStVJ20lzhqkI3y9ZI70jxR4Cr45j0yv7gjhfUfkOOWNwSYAuX0Y_ON-apfsfP2JgHxDIlOdhDn8sDqd1pcTmHiRu4-nbV8Vcs2s3IeNil8yDoY5XCZ1vP20T7nrgXTFUvcXN30xXueDoErKEJEp_hsGxFAjbFNWJNKhb3kVWU4LIARu1xjbaRNvhBJ8J7zdbuRIeG7dql-lpOTDQZN7W-G_B6EUjcTCCLnU5igJnug01oduZi641nMSYWsAWV6X63IiCmj5MEBb8PgGfzN4mAHvKdIvdjxFATKxfwLow49mbZktM1j0BmmMak-0v-CGpVIxcNfq24m5_AuSxLFm46aqFIkdfMGhVOGNjSLjzN7Aq7SUBj6gNsynqaZVmpYFyv5boiRDTKiv_Z2X9qs4DV8xPT8eR2w-hVDfc3jBYhKjukZsRah1hx_Dw48FFhCtEiH0yGfrbQFVVtUgU_2b8XLTbhE1BiazhRSsvZwjVZQ74-Rzarih8Lpopk04fIgVYRpkQpfhxgZLDoWLXQWDLsZ0yYnsHXWFrgXmqp9VkPpevaRJwGubSFE66Gl1eAAD3iZ8dOdPBcnYw==
"Made a poster for Reece James! Also, thank you for the support shown on my Pulisic poster! Leave suggestions on who I should do next :) [ SIZE: A4 ]",2.1k,6,www.reddit.com/r/chelseafc/comments/itqu9r/made_a_poster_for_reece_james_also_thank_you_for/
Something I've been thinking for a while,3,53,www.reddit.com/r/chelseafc/comments/ith6z5/something_ive_been_thinking_for_a_while/
Werner apologizing to Havertz after opting to shoot instead of picking out his run into the box,3,17,www.reddit.com/r/chelseafc/comments/itrgnn/werner_apologizing_to_havertz_after_opting_to/
I think he misses us,132,42,www.reddit.com/r/chelseafc/comments/ith5c0/i_think_he_misses_us/
[RESULTS] Post-Match Player Ratings | Brighton 1-3 Chelsea | EPL | 2020-Sep-14,141,120,www.reddit.com/r/chelseafc/comments/itnzby/results_postmatch_player_ratings_brighton_13/
RIP,141,46,www.reddit.com/r/chelseafc/comments/itf8gf/rip/
"Reddit is a website that a lot of people visit. If you want to make your own website that a lot of people visit, try using Squarespace.",2.1k,0,www.reddit.comhttps://alb.reddit.com/cr?p=gAAAAABfYd8j47r2IKsfnlQI5sfcBjketrBZH7oYM-PsWenyddHuz71pXaOMYQpL7v5RGNVu8KYF6F6govh0Gz5rsoLzcwaVFbsXoHiTEwDU0EG_KPdf0jMWKEyKeHVWwRTe_6svQY_A9VgF-4epTWQ4fhgEaqgGUCqmIMmc39ECogvADBDIoHGm1tUYwS6uCOAd7ElehS815BhiFTWCdPwWgeFFZZqiuevVcpBhdxZWcW_8QncolFv-YqlmtKdr5S-u4nLDFJKqgpwxCrU2Fvo2wY9f3GybpAGqdnYOm5NycQhjP6NxkPWXIvG0Vawd8lZ55-JEDdmBnuzqcnHliQKxXDZ2Gh8JOd1gfpG8eP7HKlyz7QqDkZCp9Kud0zQakGpG_DcPmx5LJqrF39ubLIyfZLO8-2wDACGvKjNnOk6KU2ljauwtcxt6I16jgq2k0SHLn5PAuXIJjcFIZ1Stq-ykjpZ5ElLknWnX3st9wGSM7qubKq_Iaid-oLpLsPwxvqP31ZdvPFb8SV_M6pGenjKPxMboxZEuMEsZ3oMgJftfguyPa-_hy3QZk28usQTtcSK4xugEqN-nyzUuh7eYQxyDkR8YcYLHO8bUC806EmDlhZuzUo-YBjMkAJ2ngd_iQ7fj3rz-5iGQYYaVC-fsMoB04a2blEKWxZMjHXnB5BU0CzcSS9IkXBbM9UOM95y9gp2HmolYZQB2N-TavC-R7D-xcOy-CaonN8TxgQT7eCq4VOuP-v5I-Ex15gNvKIh2hUO-S3qPsEpL2C_B0uQ0uWQx86M2rZugjpcqSgFx2mAhjCmTfPWMMULL3F4oLmKPMlEbYq_0750tGvVozIb6OSCpqAcsO26BKqUa22V8_-sE-TbKtBAz-I4s5NJOGC9X-elxa9URwNxBueguLxtHCWNAka48XwPNwnLndwTzdmBkxQtwfxdv3Kf5Z6I1-ns-rfkwXFOEgPFw1tAFeVRq9ZYUxr2tM_oxVd9SupJNogKj0Hw-QIKNLrKIbe1rudSiJBONGhTkcZ5vYzUmCW9y06cG1gApn8UxyDsJZyBvEaH_2Q_cVklvhUn5sK9v1ix-y7G-wCqYanDSPBTi0bpcaaCGZEd3G7dR2v66eGi7Kf2B_rysnBvZO1gpHF_aJ6cOLGSeD5p1I8tXxfhHV9drtgoEyoOU0eW2FgFBX6oI_GkY25ZT501kJAs5SopDCnl4966GYknAqXFGMhlLLXlG73vpOcIqUuB9SQLth2ozsKDHjXwn-TBF3uj3elQKkO359yF3MCOFJtXS3e-tdQ_T3YvsPMpwtgSyjyadW0CrhDtVWA4KiQbkc_T_x9C2SjxFiViXgKzSOY0P7QyREikoDVEcVAkqu9TgyPFd43UnKp_i_MsVoJfbjQ25ibYQV_tTuNydF-xYHSQhVxZmdUaEb4W3T9I7eK79-DUARx1CAs97iZJ71fTocA5SZl7T4dtCqKx9kG5Wk-w2eMZShhXv8P4OYFV5uBTulGWA0rPyzxgApoNc8KL1c-2-t6OSSACFaQypqw0DMcr_ZxpEaszba4HJVKt8TRYxkM-wXEGMt6ImMsIoGlGBPwN8lW3aE-GEKZYaWrG7ilbr5xintE3iZTFd_DU2k2CNA5JU6rYnVueLExUb5f7iYMTmdtziSDYbKJr_DC-oqs0MRPEN1BghDbkZpf_E0E_a4LzyIlt97sxifiQuFaPcdfhwvlx_w9aqPgdwx9EsrA8ngrbRAXfM5cciJsdmh7Aivw1Dty71OQEWKhe3gGBn0_fHvqfvebe35phBnUKPfylwz-LM4SFJ13SIlZvXAlgg9lSo2lLjh97AloUmWudxArfe7ai6bQqCS-U6C0FgKgSz3tI08YD1FrStVJ20lzhqkI3y9ZI70jxR4Cr45j0yv7gjhfUfkOOWNwSYAuX0Y_ON-apfsfP2JgHxDIlOdhDn8sDqd1pcTmHiRu4-nbV8Vcs2s3IeNil8yDoY5XCZ1vP20T7nrgXTFUvcXN30xXueDoErKEJEp_hsGxFAjbFNWJNKhb3kVWU4LIARu1xjbaRNvhBJ8J7zdbuRIeG7dql-lpOTDQZN7W-G_B6EUjcTCCLnU5igJnug01oduZi641nMSYWsAWV6X63IiCmj5MEBb8PgGfzN4mAHvKdIvdjxFATKxfwLow49mbZktM1j0BmmMak-0v-CGpVIxcNfq24m5_AuSxLFm46aqFIkdfMGhVOGNjSLjzN7Aq7SUBj6gNsynqaZVmpYFyv5boiRDTKiv_Z2X9qs4DV8xPT8eR2w-hVDfc3jBYhKjukZsRah1hx_Dw48FFhCtEiH0yGfrbQFVVtUgU_2b8XLTbhE1BiazhRSsvZwjVZQ74-Rzarih8Lpopk04fIgVYRpkQpfhxgZLDoWLXQWDLsZ0yYnsHXWFrgXmqp9VkPpevaRJwGubSFE66Gl1eAAD3iZ8dOdPBcnYw==
"Made a poster for Reece James! Also, thank you for the support shown on my Pulisic poster! Leave suggestions on who I should do next :) [ SIZE: A4 ]",2.1k,6,www.reddit.com/r/chelseafc/comments/itqu9r/made_a_poster_for_reece_james_also_thank_you_for/
Something I've been thinking for a while,3,53,www.reddit.com/r/chelseafc/comments/ith6z5/something_ive_been_thinking_for_a_while/
Werner apologizing to Havertz after opting to shoot instead of picking out his run into the box,3,17,www.reddit.com/r/chelseafc/comments/itrgnn/werner_apologizing_to_havertz_after_opting_to/
I think he misses us,132,42,www.reddit.com/r/chelseafc/comments/ith5c0/i_think_he_misses_us/
[RESULTS] Post-Match Player Ratings | Brighton 1-3 Chelsea | EPL | 2020-Sep-14,141,120,www.reddit.com/r/chelseafc/comments/itnzby/results_postmatch_player_ratings_brighton_13/
RIP,141,46,www.reddit.com/r/chelseafc/comments/itf8gf/rip/
"Reddit is a website that a lot of people visit. If you want to make your own website that a lot of people visit, try using Squarespace.",2.1k,0,www.reddit.comhttps://alb.reddit.com/cr?p=gAAAAABfYd8j47r2IKsfnlQI5sfcBjketrBZH7oYM-PsWenyddHuz71pXaOMYQpL7v5RGNVu8KYF6F6govh0Gz5rsoLzcwaVFbsXoHiTEwDU0EG_KPdf0jMWKEyKeHVWwRTe_6svQY_A9VgF-4epTWQ4fhgEaqgGUCqmIMmc39ECogvADBDIoHGm1tUYwS6uCOAd7ElehS815BhiFTWCdPwWgeFFZZqiuevVcpBhdxZWcW_8QncolFv-YqlmtKdr5S-u4nLDFJKqgpwxCrU2Fvo2wY9f3GybpAGqdnYOm5NycQhjP6NxkPWXIvG0Vawd8lZ55-JEDdmBnuzqcnHliQKxXDZ2Gh8JOd1gfpG8eP7HKlyz7QqDkZCp9Kud0zQakGpG_DcPmx5LJqrF39ubLIyfZLO8-2wDACGvKjNnOk6KU2ljauwtcxt6I16jgq2k0SHLn5PAuXIJjcFIZ1Stq-ykjpZ5ElLknWnX3st9wGSM7qubKq_Iaid-oLpLsPwxvqP31ZdvPFb8SV_M6pGenjKPxMboxZEuMEsZ3oMgJftfguyPa-_hy3QZk28usQTtcSK4xugEqN-nyzUuh7eYQxyDkR8YcYLHO8bUC806EmDlhZuzUo-YBjMkAJ2ngd_iQ7fj3rz-5iGQYYaVC-fsMoB04a2blEKWxZMjHXnB5BU0CzcSS9IkXBbM9UOM95y9gp2HmolYZQB2N-TavC-R7D-xcOy-CaonN8TxgQT7eCq4VOuP-v5I-Ex15gNvKIh2hUO-S3qPsEpL2C_B0uQ0uWQx86M2rZugjpcqSgFx2mAhjCmTfPWMMULL3F4oLmKPMlEbYq_0750tGvVozIb6OSCpqAcsO26BKqUa22V8_-sE-TbKtBAz-I4s5NJOGC9X-elxa9URwNxBueguLxtHCWNAka48XwPNwnLndwTzdmBkxQtwfxdv3Kf5Z6I1-ns-rfkwXFOEgPFw1tAFeVRq9ZYUxr2tM_oxVd9SupJNogKj0Hw-QIKNLrKIbe1rudSiJBONGhTkcZ5vYzUmCW9y06cG1gApn8UxyDsJZyBvEaH_2Q_cVklvhUn5sK9v1ix-y7G-wCqYanDSPBTi0bpcaaCGZEd3G7dR2v66eGi7Kf2B_rysnBvZO1gpHF_aJ6cOLGSeD5p1I8tXxfhHV9drtgoEyoOU0eW2FgFBX6oI_GkY25ZT501kJAs5SopDCnl4966GYknAqXFGMhlLLXlG73vpOcIqUuB9SQLth2ozsKDHjXwn-TBF3uj3elQKkO359yF3MCOFJtXS3e-tdQ_T3YvsPMpwtgSyjyadW0CrhDtVWA4KiQbkc_T_x9C2SjxFiViXgKzSOY0P7QyREikoDVEcVAkqu9TgyPFd43UnKp_i_MsVoJfbjQ25ibYQV_tTuNydF-xYHSQhVxZmdUaEb4W3T9I7eK79-DUARx1CAs97iZJ71fTocA5SZl7T4dtCqKx9kG5Wk-w2eMZShhXv8P4OYFV5uBTulGWA0rPyzxgApoNc8KL1c-2-t6OSSACFaQypqw0DMcr_ZxpEaszba4HJVKt8TRYxkM-wXEGMt6ImMsIoGlGBPwN8lW3aE-GEKZYaWrG7ilbr5xintE3iZTFd_DU2k2CNA5JU6rYnVueLExUb5f7iYMTmdtziSDYbKJr_DC-oqs0MRPEN1BghDbkZpf_E0E_a4LzyIlt97sxifiQuFaPcdfhwvlx_w9aqPgdwx9EsrA8ngrbRAXfM5cciJsdmh7Aivw1Dty71OQEWKhe3gGBn0_fHvqfvebe35phBnUKPfylwz-LM4SFJ13SIlZvXAlgg9lSo2lLjh97AloUmWudxArfe7ai6bQqCS-U6C0FgKgSz3tI08YD1FrStVJ20lzhqkI3y9ZI70jxR4Cr45j0yv7gjhfUfkOOWNwSYAuX0Y_ON-apfsfP2JgHxDIlOdhDn8sDqd1pcTmHiRu4-nbV8Vcs2s3IeNil8yDoY5XCZ1vP20T7nrgXTFUvcXN30xXueDoErKEJEp_hsGxFAjbFNWJNKhb3kVWU4LIARu1xjbaRNvhBJ8J7zdbuRIeG7dql-lpOTDQZN7W-G_B6EUjcTCCLnU5igJnug01oduZi641nMSYWsAWV6X63IiCmj5MEBb8PgGfzN4mAHvKdIvdjxFATKxfwLow49mbZktM1j0BmmMak-0v-CGpVIxcNfq24m5_AuSxLFm46aqFIkdfMGhVOGNjSLjzN7Aq7SUBj6gNsynqaZVmpYFyv5boiRDTKiv_Z2X9qs4DV8xPT8eR2w-hVDfc3jBYhKjukZsRah1hx_Dw48FFhCtEiH0yGfrbQFVVtUgU_2b8XLTbhE1BiazhRSsvZwjVZQ74-Rzarih8Lpopk04fIgVYRpkQpfhxgZLDoWLXQWDLsZ0yYnsHXWFrgXmqp9VkPpevaRJwGubSFE66Gl1eAAD3iZ8dOdPBcnYw==
"Made a poster for Reece James! Also, thank you for the support shown on my Pulisic poster! Leave suggestions on who I should do next :) [ SIZE: A4 ]",2.1k,6,www.reddit.com/r/chelseafc/comments/itqu9r/made_a_poster_for_reece_james_also_thank_you_for/
Something I've been thinking for a while,3,53,www.reddit.com/r/chelseafc/comments/ith6z5/something_ive_been_thinking_for_a_while/
Werner apologizing to Havertz after opting to shoot instead of picking out his run into the box,3,17,www.reddit.com/r/chelseafc/comments/itrgnn/werner_apologizing_to_havertz_after_opting_to/
I think he misses us,132,42,www.reddit.com/r/chelseafc/comments/ith5c0/i_think_he_misses_us/
[RESULTS] Post-Match Player Ratings | Brighton 1-3 Chelsea | EPL | 2020-Sep-14,141,120,www.reddit.com/r/chelseafc/comments/itnzby/results_postmatch_player_ratings_brighton_13/
RIP,141,46,www.reddit.com/r/chelseafc/comments/itf8gf/rip/
"Reddit is a website that a lot of people visit. If you want to make your own website that a lot of people visit, try using Squarespace.",2.1k,0,www.reddit.comhttps://alb.reddit.com/cr?p=gAAAAABfYd8j47r2IKsfnlQI5sfcBjketrBZH7oYM-PsWenyddHuz71pXaOMYQpL7v5RGNVu8KYF6F6govh0Gz5rsoLzcwaVFbsXoHiTEwDU0EG_KPdf0jMWKEyKeHVWwRTe_6svQY_A9VgF-4epTWQ4fhgEaqgGUCqmIMmc39ECogvADBDIoHGm1tUYwS6uCOAd7ElehS815BhiFTWCdPwWgeFFZZqiuevVcpBhdxZWcW_8QncolFv-YqlmtKdr5S-u4nLDFJKqgpwxCrU2Fvo2wY9f3GybpAGqdnYOm5NycQhjP6NxkPWXIvG0Vawd8lZ55-JEDdmBnuzqcnHliQKxXDZ2Gh8JOd1gfpG8eP7HKlyz7QqDkZCp9Kud0zQakGpG_DcPmx5LJqrF39ubLIyfZLO8-2wDACGvKjNnOk6KU2ljauwtcxt6I16jgq2k0SHLn5PAuXIJjcFIZ1Stq-ykjpZ5ElLknWnX3st9wGSM7qubKq_Iaid-oLpLsPwxvqP31ZdvPFb8SV_M6pGenjKPxMboxZEuMEsZ3oMgJftfguyPa-_hy3QZk28usQTtcSK4xugEqN-nyzUuh7eYQxyDkR8YcYLHO8bUC806EmDlhZuzUo-YBjMkAJ2ngd_iQ7fj3rz-5iGQYYaVC-fsMoB04a2blEKWxZMjHXnB5BU0CzcSS9IkXBbM9UOM95y9gp2HmolYZQB2N-TavC-R7D-xcOy-CaonN8TxgQT7eCq4VOuP-v5I-Ex15gNvKIh2hUO-S3qPsEpL2C_B0uQ0uWQx86M2rZugjpcqSgFx2mAhjCmTfPWMMULL3F4oLmKPMlEbYq_0750tGvVozIb6OSCpqAcsO26BKqUa22V8_-sE-TbKtBAz-I4s5NJOGC9X-elxa9URwNxBueguLxtHCWNAka48XwPNwnLndwTzdmBkxQtwfxdv3Kf5Z6I1-ns-rfkwXFOEgPFw1tAFeVRq9ZYUxr2tM_oxVd9SupJNogKj0Hw-QIKNLrKIbe1rudSiJBONGhTkcZ5vYzUmCW9y06cG1gApn8UxyDsJZyBvEaH_2Q_cVklvhUn5sK9v1ix-y7G-wCqYanDSPBTi0bpcaaCGZEd3G7dR2v66eGi7Kf2B_rysnBvZO1gpHF_aJ6cOLGSeD5p1I8tXxfhHV9drtgoEyoOU0eW2FgFBX6oI_GkY25ZT501kJAs5SopDCnl4966GYknAqXFGMhlLLXlG73vpOcIqUuB9SQLth2ozsKDHjXwn-TBF3uj3elQKkO359yF3MCOFJtXS3e-tdQ_T3YvsPMpwtgSyjyadW0CrhDtVWA4KiQbkc_T_x9C2SjxFiViXgKzSOY0P7QyREikoDVEcVAkqu9TgyPFd43UnKp_i_MsVoJfbjQ25ibYQV_tTuNydF-xYHSQhVxZmdUaEb4W3T9I7eK79-DUARx1CAs97iZJ71fTocA5SZl7T4dtCqKx9kG5Wk-w2eMZShhXv8P4OYFV5uBTulGWA0rPyzxgApoNc8KL1c-2-t6OSSACFaQypqw0DMcr_ZxpEaszba4HJVKt8TRYxkM-wXEGMt6ImMsIoGlGBPwN8lW3aE-GEKZYaWrG7ilbr5xintE3iZTFd_DU2k2CNA5JU6rYnVueLExUb5f7iYMTmdtziSDYbKJr_DC-oqs0MRPEN1BghDbkZpf_E0E_a4LzyIlt97sxifiQuFaPcdfhwvlx_w9aqPgdwx9EsrA8ngrbRAXfM5cciJsdmh7Aivw1Dty71OQEWKhe3gGBn0_fHvqfvebe35phBnUKPfylwz-LM4SFJ13SIlZvXAlgg9lSo2lLjh97AloUmWudxArfe7ai6bQqCS-U6C0FgKgSz3tI08YD1FrStVJ20lzhqkI3y9ZI70jxR4Cr45j0yv7gjhfUfkOOWNwSYAuX0Y_ON-apfsfP2JgHxDIlOdhDn8sDqd1pcTmHiRu4-nbV8Vcs2s3IeNil8yDoY5XCZ1vP20T7nrgXTFUvcXN30xXueDoErKEJEp_hsGxFAjbFNWJNKhb3kVWU4LIARu1xjbaRNvhBJ8J7zdbuRIeG7dql-lpOTDQZN7W-G_B6EUjcTCCLnU5igJnug01oduZi641nMSYWsAWV6X63IiCmj5MEBb8PgGfzN4mAHvKdIvdjxFATKxfwLow49mbZktM1j0BmmMak-0v-CGpVIxcNfq24m5_AuSxLFm46aqFIkdfMGhVOGNjSLjzN7Aq7SUBj6gNsynqaZVmpYFyv5boiRDTKiv_Z2X9qs4DV8xPT8eR2w-hVDfc3jBYhKjukZsRah1hx_Dw48FFhCtEiH0yGfrbQFVVtUgU_2b8XLTbhE1BiazhRSsvZwjVZQ74-Rzarih8Lpopk04fIgVYRpkQpfhxgZLDoWLXQWDLsZ0yYnsHXWFrgXmqp9VkPpevaRJwGubSFE66Gl1eAAD3iZ8dOdPBcnYw==
"Made a poster for Reece James! Also, thank you for the support shown on my Pulisic poster! Leave suggestions on who I should do next :) [ SIZE: A4 ]",2.1k,6,www.reddit.com/r/chelseafc/comments/itqu9r/made_a_poster_for_reece_james_also_thank_you_for/
Something I've been thinking for a while,3,53,www.reddit.com/r/chelseafc/comments/ith6z5/something_ive_been_thinking_for_a_while/
Werner apologizing to Havertz after opting to shoot instead of picking out his run into the box,3,17,www.reddit.com/r/chelseafc/comments/itrgnn/werner_apologizing_to_havertz_after_opting_to/
I think he misses us,132,42,www.reddit.com/r/chelseafc/comments/ith5c0/i_think_he_misses_us/
[RESULTS] Post-Match Player Ratings | Brighton 1-3 Chelsea | EPL | 2020-Sep-14,141,120,www.reddit.com/r/chelseafc/comments/itnzby/results_postmatch_player_ratings_brighton_13/
RIP,141,46,www.reddit.com/r/chelseafc/comments/itf8gf/rip/
"Reddit is a website that a lot of people visit. If you want to make your own website that a lot of people visit, try using Squarespace.",2.1k,0,www.reddit.comhttps://alb.reddit.com/cr?p=gAAAAABfYd8j47r2IKsfnlQI5sfcBjketrBZH7oYM-PsWenyddHuz71pXaOMYQpL7v5RGNVu8KYF6F6govh0Gz5rsoLzcwaVFbsXoHiTEwDU0EG_KPdf0jMWKEyKeHVWwRTe_6svQY_A9VgF-4epTWQ4fhgEaqgGUCqmIMmc39ECogvADBDIoHGm1tUYwS6uCOAd7ElehS815BhiFTWCdPwWgeFFZZqiuevVcpBhdxZWcW_8QncolFv-YqlmtKdr5S-u4nLDFJKqgpwxCrU2Fvo2wY9f3GybpAGqdnYOm5NycQhjP6NxkPWXIvG0Vawd8lZ55-JEDdmBnuzqcnHliQKxXDZ2Gh8JOd1gfpG8eP7HKlyz7QqDkZCp9Kud0zQakGpG_DcPmx5LJqrF39ubLIyfZLO8-2wDACGvKjNnOk6KU2ljauwtcxt6I16jgq2k0SHLn5PAuXIJjcFIZ1Stq-ykjpZ5ElLknWnX3st9wGSM7qubKq_Iaid-oLpLsPwxvqP31ZdvPFb8SV_M6pGenjKPxMboxZEuMEsZ3oMgJftfguyPa-_hy3QZk28usQTtcSK4xugEqN-nyzUuh7eYQxyDkR8YcYLHO8bUC806EmDlhZuzUo-YBjMkAJ2ngd_iQ7fj3rz-5iGQYYaVC-fsMoB04a2blEKWxZMjHXnB5BU0CzcSS9IkXBbM9UOM95y9gp2HmolYZQB2N-TavC-R7D-xcOy-CaonN8TxgQT7eCq4VOuP-v5I-Ex15gNvKIh2hUO-S3qPsEpL2C_B0uQ0uWQx86M2rZugjpcqSgFx2mAhjCmTfPWMMULL3F4oLmKPMlEbYq_0750tGvVozIb6OSCpqAcsO26BKqUa22V8_-sE-TbKtBAz-I4s5NJOGC9X-elxa9URwNxBueguLxtHCWNAka48XwPNwnLndwTzdmBkxQtwfxdv3Kf5Z6I1-ns-rfkwXFOEgPFw1tAFeVRq9ZYUxr2tM_oxVd9SupJNogKj0Hw-QIKNLrKIbe1rudSiJBONGhTkcZ5vYzUmCW9y06cG1gApn8UxyDsJZyBvEaH_2Q_cVklvhUn5sK9v1ix-y7G-wCqYanDSPBTi0bpcaaCGZEd3G7dR2v66eGi7Kf2B_rysnBvZO1gpHF_aJ6cOLGSeD5p1I8tXxfhHV9drtgoEyoOU0eW2FgFBX6oI_GkY25ZT501kJAs5SopDCnl4966GYknAqXFGMhlLLXlG73vpOcIqUuB9SQLth2ozsKDHjXwn-TBF3uj3elQKkO359yF3MCOFJtXS3e-tdQ_T3YvsPMpwtgSyjyadW0CrhDtVWA4KiQbkc_T_x9C2SjxFiViXgKzSOY0P7QyREikoDVEcVAkqu9TgyPFd43UnKp_i_MsVoJfbjQ25ibYQV_tTuNydF-xYHSQhVxZmdUaEb4W3T9I7eK79-DUARx1CAs97iZJ71fTocA5SZl7T4dtCqKx9kG5Wk-w2eMZShhXv8P4OYFV5uBTulGWA0rPyzxgApoNc8KL1c-2-t6OSSACFaQypqw0DMcr_ZxpEaszba4HJVKt8TRYxkM-wXEGMt6ImMsIoGlGBPwN8lW3aE-GEKZYaWrG7ilbr5xintE3iZTFd_DU2k2CNA5JU6rYnVueLExUb5f7iYMTmdtziSDYbKJr_DC-oqs0MRPEN1BghDbkZpf_E0E_a4LzyIlt97sxifiQuFaPcdfhwvlx_w9aqPgdwx9EsrA8ngrbRAXfM5cciJsdmh7Aivw1Dty71OQEWKhe3gGBn0_fHvqfvebe35phBnUKPfylwz-LM4SFJ13SIlZvXAlgg9lSo2lLjh97AloUmWudxArfe7ai6bQqCS-U6C0FgKgSz3tI08YD1FrStVJ20lzhqkI3y9ZI70jxR4Cr45j0yv7gjhfUfkOOWNwSYAuX0Y_ON-apfsfP2JgHxDIlOdhDn8sDqd1pcTmHiRu4-nbV8Vcs2s3IeNil8yDoY5XCZ1vP20T7nrgXTFUvcXN30xXueDoErKEJEp_hsGxFAjbFNWJNKhb3kVWU4LIARu1xjbaRNvhBJ8J7zdbuRIeG7dql-lpOTDQZN7W-G_B6EUjcTCCLnU5igJnug01oduZi641nMSYWsAWV6X63IiCmj5MEBb8PgGfzN4mAHvKdIvdjxFATKxfwLow49mbZktM1j0BmmMak-0v-CGpVIxcNfq24m5_AuSxLFm46aqFIkdfMGhVOGNjSLjzN7Aq7SUBj6gNsynqaZVmpYFyv5boiRDTKiv_Z2X9qs4DV8xPT8eR2w-hVDfc3jBYhKjukZsRah1hx_Dw48FFhCtEiH0yGfrbQFVVtUgU_2b8XLTbhE1BiazhRSsvZwjVZQ74-Rzarih8Lpopk04fIgVYRpkQpfhxgZLDoWLXQWDLsZ0yYnsHXWFrgXmqp9VkPpevaRJwGubSFE66Gl1eAAD3iZ8dOdPBcnYw==
"Made a poster for Reece James! Also, thank you for the support shown on my Pulisic poster! Leave suggestions on who I should do next :) [ SIZE: A4 ]",2.1k,6,www.reddit.com/r/chelseafc/comments/itqu9r/made_a_poster_for_reece_james_also_thank_you_for/
Something I've been thinking for a while,3,53,www.reddit.com/r/chelseafc/comments/ith6z5/something_ive_been_thinking_for_a_while/
Werner apologizing to Havertz after opting to shoot instead of picking out his run into the box,3,17,www.reddit.com/r/chelseafc/comments/itrgnn/werner_apologizing_to_havertz_after_opting_to/
I think he misses us,132,42,www.reddit.com/r/chelseafc/comments/ith5c0/i_think_he_misses_us/
,,,
,,,
,,,
,,,
,,,
,,,
,,,
,,,
,,,
,,,
,,,
,,,
,,,
,,,
,,,
,,,
,,,
,,,
,,,
,,,
,,,
,,,
,,,
,,,
,,,
,,,
,,,
,,,
,,,
,,,
,,,
,,,
,,,
,,,
,,,
,,,
,,,
,,,
,,,
,,,
,,,
,,,
,,,
,,,
,,,
,,,
,,,
,,,
,,,
,,,
,,,
,,,
,,,
,,,
,,,
,,,
,,,
,,,
,,,
,,,
,,,
,,,
,,,
,,,
,,,
,,,
,,,
,,,
,,,
,,,
,,,
,,,
,,,
,,,
,,,
,,,
,,,
,,,
,,,
,,,
,,,
,,,
,,,
,,,
,,,
,,,
,,,
,,,
,,,
,,,
,,,
,,,
,,,
,,,
,,,
,,,
,,,
,,,
,,,
,,,
,,,
,,,
,,,
,,,
,,,
,,,
,,,
,,,
,,,
,,,
,,,
,,,
,,,
,,,
,,,
,,,
,,,
,,,
,,,
,,,
,,,
,,,
,,,
,,,
,,,
,,,
,,,
,,,
,,,
,,,
,,,
,,,
,,,
,,,
,,,
,,,
,,,
,,,
,,,
,,,
,,,
,,,
,,,
,,,
,,,
,,,
,,,
,,,
,,,
,,,
,,,
,,,
,,,
,,,
,,,
,,,
,,,
,,,
,,,
,,,
,,,
,,,
,,,
,,,
,,,
,,,
,,,
,,,
,,,
,,,
,,,
,,,
,,,
,,,
,,,
,,,
,,,
,,,
,,,
,,,
,,,
,,,
,,,
,,,
,,,
,,,
,,,
,,,
,,,
,,,
,,,
,,,
,,,
,,,
,,,
,,,
,,,
,,,
,,,
,,,
,,,
,,,
,,,
,,,
,,,
,,,
,,,
,,,
,,,
,,,
,,,
,,,
,,,
,,,
,,,
,,,
,,,
,,,
,,,
,,,
,,,
,,,
,,,
,,,
,,,
,,,
,,,
,,,
,,,
,,,
,,,
,,,
,,,
,,,
,,,
,,,
,,,
,,,
,,,
,,,
,,,
,,,
,,,
,,,
,,,
,,,
,,,
,,,
,,,
,,,
,,,
,,,
,,,
,,,
,,,
,,,
,,,
,,,
,,,
,,,
,,,
,,,
,,,
,,,
,,,
,,,
,,,
,,,
,,,
,,,
,,,
,,,
,,,
,,,
,,,
,,,
,,,
,,,
,,,
,,,
,,,
,,,
,,,
,,,
,,,
,,,
,,,
,,,
,,,
,,,
,,,
,,,
,,,
,,,
,,,
,,,
,,,
,,,
,,,
,,,
,,,
,,,
,,,
,,,
,,,
,,,
,,,
,,,
,,,
,,,
,,,
,,,
,,,
,,,
,,,
,,,
,,,
,,,
,,,
,,,
,,,
,,,
,,,
,,,
,,,
,,,
,,,
,,,
,,,
,,,
,,,
,,,
,,,
,,,
,,,
,,,
,,,
,,,
,,,
,,,
,,,
,,,
,,,
,,,
,,,
,,,
,,,
,,,
,,,
,,,
,,,
,,,
,,,
,,,
,,,
,,,
,,,
,,,
,,,
,,,
,,,
,,,
,,,
,,,
,,,
,,,
,,,
,,,
,,,
,,,
,,,
,,,
,,,
,,,
,,,
,,,
,,,
,,,
,,,
,,,
,,,
,,,
,,,
,,,
,,,
,,,
,,,
,,,
,,,
,,,
,,,
,,,
,,,
,,,
,,,
,,,
,,,
,,,
,,,
,,,
,,,
,,,
,,,
,,,
,,,
,,,
,,,
,,,
,,,
,,,
,,,
,,,
,,,
,,,
,,,
,,,
,,,
,,,
,,,
,,,
,,,
,,,
,,,
,,,
,,,
,,,
,,,
,,,
,,,
,,,
,,,
,,,
,,,
,,,
,,,
,,,
,,,
,,,
,,,
,,,
,,,
,,,
,,,
,,,
,,,
,,,
,,,
,,,
,,,
,,,
,,,
,,,
,,,
,,,
,,,
,,,
,,,
,,,
,,,
,,,
,,,
,,,
,,,
,,,
,,,
,,,
,,,
,,,
,,,
,,,
,,,
,,,
,,,
,,,
,,,
,,,
,,,
,,,
,,,
,,,
,,,
,,,
,,,
,,,
,,,
,,,
,,,
,,,
,,,
,,,
,,,
,,,
,,,
,,,
,,,
,,,
,,,
,,,
,,,
,,,
,,,
,,,
,,,
,,,
,,,
,,,
,,,
,,,
,,,
,,,
,,,
,,,
,,,
,,,
,,,
,,,
,,,
,,,
,,,
,,,
,,,
,,,
,,,
,,,
,,,
,,,
,,,
,,,
,,,
,,,
,,,
,,,
,,,
,,,
,,,
,,,
,,,
,,,
,,,
,,,
,,,
,,,
,,,
,,,
,,,
,,,
,,,
,,,
,,,
,,,
,,,
,,,
,,,
,,,
,,,
,,,
,,,
,,,
,,,
,,,
,,,
,,,
,,,
,,,
,,,
,,,
,,,
,,,
,,,
,,,
,,,
,,,
,,,
,,,
,,,
,,,
,,,
,,,
,,,
,,,
,,,
,,,
,,,
,,,
,,,
,,,
,,,
,,,
,,,
,,,
,,,
,,,
,,,
,,,
,,,
,,,
,,,
,,,
,,,
,,,
,,,
,,,
,,,
,,,
,,,
,,,
,,,
,,,
,,,
,,,
,,,
,,,
,,,
,,,
,,,
,,,
,,,
,,,
,,,
,,,
,,,
,,,
,,,
,,,
,,,
,,,
,,,
,,,
,,,
,,,
,,,
,,,
,,,
,,,
,,,
,,,
,,,
,,,
,,,
,,,
,,,
,,,
,,,
,,,
,,,
,,,
,,,
,,,
,,,
,,,
,,,
,,,
,,,
,,,
,,,
,,,
,,,
,,,
,,,
,,,
,,,
,,,
,,,
,,,
,,,
,,,
,,,
,,,
,,,
,,,
Ã‰douard Mendy returned to training with Rennes today - still no agreement found with Chelsea - SRFC are now seeking to include Fikayo Tomori in the deal.,88,84,www.reddit.com/r/chelseafc/comments/itjjgp/Ã©douard_mendy_returned_to_training_with_rennes/
,,,
,,,
,,,
,,,
,,,
,,,
,,,
,,,
,,,
,,,
,,,
,,,
Rival managers complaining about Chelsea spending money ðŸ¤¡,88,26,www.reddit.com/r/chelseafc/comments/it7gu6/rival_managers_complaining_about_chelsea_spending/
That kante sh*t,585,4,www.reddit.com/r/chelseafc/comments/it6mzn/that_kante_sht/
"Anyone questioning why RLC started against Brighton, I highly recommend watching him train this week",585,22,www.reddit.com/r/chelseafc/comments/itrzik/anyone_questioning_why_rlc_started_against/
It really is like that,697,27,www.reddit.com/r/chelseafc/comments/it8c3j/it_really_is_like_that/
Thiago Silva watching Jorginho penalty. Kids imitating him ðŸ’™,697,53,www.reddit.com/r/chelseafc/comments/it3nhi/thiago_silva_watching_jorginho_penalty_kids/
It is what it is...,â€¢,10,www.reddit.com/r/chelseafc/comments/itan00/it_is_what_it_is/
Ã‰douard Mendy returned to training with Rennes today - still no agreement found with Chelsea - SRFC are now seeking to include Fikayo Tomori in the deal.,88,84,www.reddit.com/r/chelseafc/comments/itjjgp/Ã©douard_mendy_returned_to_training_with_rennes/
,,,
,,,
,,,
,,,
,,,
,,,
,,,
,,,
,,,
,,,
,,,
,,,
,,,
,,,
Rival managers complaining about Chelsea spending money ðŸ¤¡,88,26,www.reddit.com/r/chelseafc/comments/it7gu6/rival_managers_complaining_about_chelsea_spending/
That kante sh*t,585,4,www.reddit.com/r/chelseafc/comments/it6mzn/that_kante_sht/
"Anyone questioning why RLC started against Brighton, I highly recommend watching him train this week",585,22,www.reddit.com/r/chelseafc/comments/itrzik/anyone_questioning_why_rlc_started_against/
It really is like that,697,27,www.reddit.com/r/chelseafc/comments/it8c3j/it_really_is_like_that/
Thiago Silva watching Jorginho penalty. Kids imitating him ðŸ’™,697,53,www.reddit.com/r/chelseafc/comments/it3nhi/thiago_silva_watching_jorginho_penalty_kids/
It is what it is...,â€¢,10,www.reddit.com/r/chelseafc/comments/itan00/it_is_what_it_is/
Ã‰douard Mendy returned to training with Rennes today - still no agreement found with Chelsea - SRFC are now seeking to include Fikayo Tomori in the deal.,88,84,www.reddit.com/r/chelseafc/comments/itjjgp/Ã©douard_mendy_returned_to_training_with_rennes/
,,,
,,,
,,,
,,,
,,,
,,,
,,,
,,,
,,,
,,,
,,,
,,,
,,,
,,,
,,,
Rival managers complaining about Chelsea spending money ðŸ¤¡,88,26,www.reddit.com/r/chelseafc/comments/it7gu6/rival_managers_complaining_about_chelsea_spending/
That kante sh*t,585,4,www.reddit.com/r/chelseafc/comments/it6mzn/that_kante_sht/
"Anyone questioning why RLC started against Brighton, I highly recommend watching him train this week",585,22,www.reddit.com/r/chelseafc/comments/itrzik/anyone_questioning_why_rlc_started_against/
It really is like that,697,27,www.reddit.com/r/chelseafc/comments/it8c3j/it_really_is_like_that/
Thiago Silva watching Jorginho penalty. Kids imitating him ðŸ’™,697,53,www.reddit.com/r/chelseafc/comments/it3nhi/thiago_silva_watching_jorginho_penalty_kids/
It is what it is...,â€¢,10,www.reddit.com/r/chelseafc/comments/itan00/it_is_what_it_is/
Ã‰douard Mendy returned to training with Rennes today - still no agreement found with Chelsea - SRFC are now seeking to include Fikayo Tomori in the deal.,88,84,www.reddit.com/r/chelseafc/comments/itjjgp/Ã©douard_mendy_returned_to_training_with_rennes/
,,,
,,,
,,,
,,,
,,,
,,,
,,,
,,,
,,,
,,,
,,,
,,,
,,,
,,,
,,,
,,,
Rival managers complaining about Chelsea spending money ðŸ¤¡,88,26,www.reddit.com/r/chelseafc/comments/it7gu6/rival_managers_complaining_about_chelsea_spending/
That kante sh*t,585,4,www.reddit.com/r/chelseafc/comments/it6mzn/that_kante_sht/
"Anyone questioning why RLC started against Brighton, I highly recommend watching him train this week",585,22,www.reddit.com/r/chelseafc/comments/itrzik/anyone_questioning_why_rlc_started_against/
It really is like that,697,27,www.reddit.com/r/chelseafc/comments/it8c3j/it_really_is_like_that/
Thiago Silva watching Jorginho penalty. Kids imitating him ðŸ’™,697,53,www.reddit.com/r/chelseafc/comments/it3nhi/thiago_silva_watching_jorginho_penalty_kids/
It is what it is...,â€¢,10,www.reddit.com/r/chelseafc/comments/itan00/it_is_what_it_is/
Ã‰douard Mendy returned to training with Rennes today - still no agreement found with Chelsea - SRFC are now seeking to include Fikayo Tomori in the deal.,88,84,www.reddit.com/r/chelseafc/comments/itjjgp/Ã©douard_mendy_returned_to_training_with_rennes/
,,,
,,,
,,,
,,,
,,,
,,,
,,,
,,,
,,,
,,,
,,,
,,,
,,,
,,,
Rival managers complaining about Chelsea spending money ðŸ¤¡,88,26,www.reddit.com/r/chelseafc/comments/it7gu6/rival_managers_complaining_about_chelsea_spending/
That kante sh*t,585,4,www.reddit.com/r/chelseafc/comments/it6mzn/that_kante_sht/
"Anyone questioning why RLC started against Brighton, I highly recommend watching him train this week",585,22,www.reddit.com/r/chelseafc/comments/itrzik/anyone_questioning_why_rlc_started_against/
It really is like that,697,27,www.reddit.com/r/chelseafc/comments/it8c3j/it_really_is_like_that/
Thiago Silva watching Jorginho penalty. Kids imitating him ðŸ’™,697,53,www.reddit.com/r/chelseafc/comments/it3nhi/thiago_silva_watching_jorginho_penalty_kids/
It is what it is...,â€¢,10,www.reddit.com/r/chelseafc/comments/itan00/it_is_what_it_is/
Ã‰douard Mendy returned to training with Rennes today - still no agreement found with Chelsea - SRFC are now seeking to include Fikayo Tomori in the deal.,88,84,www.reddit.com/r/chelseafc/comments/itjjgp/Ã©douard_mendy_returned_to_training_with_rennes/
,,,
,,,
,,,
,,,
,,,
,,,
,,,
,,,
,,,
,,,
,,,
,,,
,,,
,,,
Rival managers complaining about Chelsea spending money ðŸ¤¡,88,26,www.reddit.com/r/chelseafc/comments/it7gu6/rival_managers_complaining_about_chelsea_spending/
That kante sh*t,585,4,www.reddit.com/r/chelseafc/comments/it6mzn/that_kante_sht/
"Anyone questioning why RLC started against Brighton, I highly recommend watching him train this week",585,22,www.reddit.com/r/chelseafc/comments/itrzik/anyone_questioning_why_rlc_started_against/
It really is like that,697,27,www.reddit.com/r/chelseafc/comments/it8c3j/it_really_is_like_that/
Thiago Silva watching Jorginho penalty. Kids imitating him ðŸ’™,697,53,www.reddit.com/r/chelseafc/comments/it3nhi/thiago_silva_watching_jorginho_penalty_kids/
It is what it is...,â€¢,10,www.reddit.com/r/chelseafc/comments/itan00/it_is_what_it_is/
Ã‰douard Mendy returned to training with Rennes today - still no agreement found with Chelsea - SRFC are now seeking to include Fikayo Tomori in the deal.,88,84,www.reddit.com/r/chelseafc/comments/itjjgp/Ã©douard_mendy_returned_to_training_with_rennes/
,,,
,,,
,,,
,,,
,,,
,,,
,,,
,,,
,,,
,,,
,,,
,,,
,,,
Rival managers complaining about Chelsea spending money ðŸ¤¡,88,26,www.reddit.com/r/chelseafc/comments/it7gu6/rival_managers_complaining_about_chelsea_spending/
That kante sh*t,585,4,www.reddit.com/r/chelseafc/comments/it6mzn/that_kante_sht/
"Anyone questioning why RLC started against Brighton, I highly recommend watching him train this week",585,22,www.reddit.com/r/chelseafc/comments/itrzik/anyone_questioning_why_rlc_started_against/
It really is like that,697,27,www.reddit.com/r/chelseafc/comments/it8c3j/it_really_is_like_that/
Thiago Silva watching Jorginho penalty. Kids imitating him ðŸ’™,697,53,www.reddit.com/r/chelseafc/comments/it3nhi/thiago_silva_watching_jorginho_penalty_kids/
It is what it is...,â€¢,10,www.reddit.com/r/chelseafc/comments/itan00/it_is_what_it_is/
,,,
,,,
,,,
,,,
,,,
,,,
,,,
,,,
,,,
,,,
,,,
,,,
,,,
,,,
,,,
,,,
,,,
,,,
,,,
,,,
,,,
,,,
,,,
,,,
,,,
,,,
,,,
,,,
,,,
,,,
,,,
,,,
,,,
,,,
,,,
,,,
,,,
,,,
,,,
,,,
,,,
,,,
,,,
,,,
,,,
,,,
,,,
,,,
,,,
,,,
,,,
,,,
,,,
,,,
,,,
,,,
,,,
,,,
,,,
,,,
,,,
,,,
,,,
,,,
,,,
,,,
,,,
,,,
,,,
,,,
,,,
,,,
,,,
,,,
,,,
,,,
,,,
,,,
,,,
,,,
,,,
,,,
,,,
,,,
,,,
,,,
,,,
,,,
,,,
,,,
,,,
,,,
,,,
,,,
,,,
,,,
,,,
,,,
,,,
,,,
,,,
,,,
,,,
,,,
,,,
,,,
,,,
,,,
,,,
,,,
,,,
,,,
,,,
,,,
,,,
,,,
,,,
,,,
,,,
,,,
,,,
,,,
,,,
,,,
,,,
,,,
,,,
,,,
,,,
,,,
,,,
,,,
,,,
,,,
,,,
,,,
,,,
,,,
,,,
,,,
,,,
,,,
,,,
,,,
,,,
,,,
,,,
,,,
,,,
,,,
,,,
,,,
,,,
,,,
,,,
,,,
,,,
,,,
,,,
,,,
,,,
,,,
,,,
,,,
,,,
,,,
,,,
,,,
,,,
,,,
,,,
,,,
,,,
,,,
,,,
,,,
,,,
,,,
,,,
,,,
,,,
,,,
,,,
,,,
,,,
,,,
,,,
,,,
,,,
,,,
,,,
,,,
,,,
,,,
,,,
,,,
,,,
,,,
,,,
,,,
,,,
,,,
,,,
,,,
,,,
,,,
,,,
,,,
,,,
,,,
,,,
,,,
,,,
,,,
,,,
,,,
,,,
,,,
,,,
,,,
,,,
,,,
,,,
,,,
,,,
,,,
,,,
,,,
,,,
,,,
,,,
,,,
,,,
,,,
,,,
,,,
,,,
,,,
,,,
,,,
,,,
,,,
,,,
,,,
,,,
,,,
,,,
,,,
,,,
,,,
,,,
,,,
,,,
,,,
,,,
,,,
,,,
,,,
,,,
,,,
,,,
,,,
,,,
,,,
,,,
,,,
,,,
,,,
,,,
,,,
,,,
,,,
,,,
,,,
,,,
,,,
,,,
,,,
,,,
,,,
,,,
,,,
,,,
,,,
,,,
,,,
,,,
,,,
,,,
,,,
,,,
,,,
,,,
,,,
,,,
,,,
,,,
,,,
,,,
,,,
,,,
,,,
,,,
,,,
,,,
,,,
,,,
,,,
,,,
,,,
,,,
,,,
,,,
,,,
,,,
,,,
,,,
,,,
,,,
,,,
,,,
,,,
,,,
,,,
,,,
,,,
,,,
,,,
,,,
,,,
,,,
,,,
,,,
,,,
,,,
,,,
,,,
,,,
,,,
,,,
,,,
,,,
,,,
,,,
,,,
,,,
,,,
,,,
,,,
,,,
,,,
,,,
,,,
,,,
,,,
,,,
,,,
,,,
,,,
,,,
,,,
,,,
,,,
,,,
,,,
,,,
,,,
,,,
,,,
,,,
,,,
,,,
,,,
,,,
,,,
,,,
,,,
,,,
,,,
,,,
,,,
,,,
,,,
,,,
,,,
,,,
,,,
,,,
,,,
,,,
,,,
,,,
,,,
,,,
,,,
,,,
,,,
,,,
,,,
,,,
,,,
,,,
,,,
,,,
,,,
,,,
,,,
,,,
,,,
,,,
,,,
,,,
,,,
,,,
,,,
,,,
,,,
,,,
,,,
,,,
,,,
,,,
,,,
,,,
,,,
,,,
,,,
,,,
,,,
,,,
,,,
,,,
,,,
,,,
,,,
,,,
,,,
,,,
,,,
,,,
,,,
,,,
,,,
,,,
,,,
,,,
,,,
,,,
,,,
,,,
,,,
,,,
,,,
,,,
,,,
,,,
,,,
,,,
,,,
,,,
,,,
,,,
,,,
,,,
,,,
,,,
,,,
,,,
,,,
,,,
,,,
,,,
,,,
,,,
,,,
,,,
,,,
,,,
,,,
,,,
,,,
,,,
,,,
,,,
,,,
,,,
,,,
,,,
,,,
,,,
,,,
,,,
,,,
,,,
,,,
,,,
,,,
,,,
,,,
,,,
,,,
,,,
,,,
,,,
,,,
,,,
,,,
,,,
,,,
,,,
,,,
,,,
,,,
,,,
,,,
,,,
,,,
,,,
,,,
,,,
,,,
,,,
,,,
,,,
,,,
,,,
,,,
,,,
,,,
,,,
,,,
,,,
,,,
,,,
,,,
,,,
,,,
,,,
,,,
,,,
,,,
,,,
,,,
,,,
,,,
,,,
,,,
,,,
,,,
,,,
,,,
,,,
,,,
,,,
,,,
,,,
,,,
,,,
,,,
,,,
,,,
,,,
,,,
,,,
,,,
,,,
,,,
,,,
,,,
,,,
,,,
,,,
,,,
,,,
,,,
,,,
,,,
,,,
,,,
,,,
,,,
,,,
,,,
,,,
,,,
,,,
,,,
,,,
,,,
,,,
,,,
,,,
,,,
,,,
,,,
,,,
,,,
,,,
,,,
,,,
,,,
,,,
,,,
,,,
,,,
,,,
,,,
,,,
,,,
,,,
,,,
,,,
,,,
,,,
,,,
,,,
,,,
,,,
,,,
,,,
,,,
,,,
,,,
,,,
,,,
,,,
,,,
,,,
,,,
,,,
,,,
,,,
,,,
,,,
,,,
,,,
,,,
,,,
,,,
,,,
,,,
,,,
,,,
,,,
,,,
,,,
,,,
,,,
,,,
,,,
,,,
,,,
,,,
,,,
,,,
,,,
,,,
,,,
,,,
,,,
,,,
,,,
,,,
,,,
,,,
,,,
,,,
,,,
,,,
,,,
,,,
,,,
,,,
,,,
,,,
,,,
,,,
,,,
,,,
,,,
,,,
,,,
,,,
,,,
,,,
,,,
,,,
,,,
,,,
,,,
,,,
,,,
,,,
,,,
,,,
,,,
,,,
,,,
,,,
,,,
,,,
,,,
,,,
,,,
,,,
,,,
,,,
,,,
,,,
,,,
,,,
,,,
,,,
,,,
,,,
,,,
,,,
,,,
,,,
,,,
,,,
,,,
,,,
,,,
,,,
,,,
,,,
,,,
,,,
,,,
,,,
,,,
,,,
,,,
,,,
,,,
,,,
,,,
,,,
,,,
,,,
,,,
,,,
,,,
,,,
,,,
,,,
,,,
,,,
,,,
,,,
,,,
,,,
,,,
,,,
,,,
,,,
,,,
,,,
,,,
,,,
,,,
,,,
,,,
,,,
,,,
,,,
,,,
,,,
,,,
,,,
,,,
,,,
,,,
,,,
,,,
,,,
,,,
,,,
,,,
,,,
,,,
,,,
,,,
,,,
,,,
,,,
,,,
,,,
,,,
,,,
,,,
,,,
,,,
,,,
,,,
,,,
,,,
,,,
,,,
,,,
,,,
,,,
,,,
,,,
,,,
,,,
,,,
,,,
,,,
,,,
,,,
,,,
,,,
,,,
,,,
,,,
,,,
,,,
,,,
,,,
,,,
,,,
,,,
,,,
,,,
,,,
,,,
,,,
,,,
,,,
,,,
,,,
,,,
,,,
,,,
,,,
,,,
,,,
,,,
,,,
,,,
,,,
,,,
,,,
,,,
,,,
,,,
,,,
,,,
,,,
,,,
,,,
,,,
,,,
,,,
,,,
,,,
,,,
,,,
,,,
,,,
,,,
,,,
,,,
,,,
,,,
,,,
,,,
,,,
,,,
,,,
,,,
,,,
,,,
,,,
,,,
,,,
,,,
,,,
,,,
,,,
,,,
,,,
,,,
,,,
,,,
,,,
,,,
,,,
,,,
,,,
,,,
,,,
,,,
,,,
,,,
,,,
,,,
,,,
,,,
,,,
,,,
,,,
,,,
,,,
,,,
,,,
,,,
,,,
,,,
,,,
,,,
,,,
,,,
,,,
,,,
,,,
,,,
,,,
,,,
,,,
,,,
,,,
,,,
,,,
,,,
,,,
,,,
,,,
,,,
,,,
,,,
,,,
,,,
,,,
,,,
,,,
,,,
,,,
,,,
,,,
,,,
,,,
,,,
,,,
,,,
,,,
,,,
,,,
,,,
,,,
,,,
,,,
,,,
,,,
,,,
,,,
,,,
,,,
,,,
,,,
,,,
,,,
,,,
,,,
,,,
,,,
,,,
,,,
,,,
,,,
,,,
,,,
,,,
,,,
,,,
,,,
,,,
,,,
,,,
,,,
,,,
,,,
,,,
,,,
,,,
,,,
,,,
,,,
,,,
,,,
,,,
,,,
,,,
,,,
,,,
,,,
,,,
,,,
,,,
,,,
,,,
,,,
,,,
,,,
,,,
,,,
,,,
,,,
,,,
,,,
,,,
,,,
,,,
,,,
,,,
,,,
,,,
,,,
,,,
,,,
,,,
,,,
,,,
,,,
,,,
,,,
,,,
,,,
,,,
,,,
,,,
,,,
,,,
,,,
,,,
,,,
,,,
,,,
,,,
,,,
,,,
,,,
,,,
,,,
,,,
,,,
,,,
,,,
,,,
,,,
,,,
,,,
,,,
,,,
,,,
,,,
,,,
,,,
,,,
,,,
,,,
,,,
,,,
,,,
,,,
,,,
,,,
,,,
,,,
,,,
,,,
,,,
,,,
,,,
,,,
,,,
,,,
,,,
,,,
,,,
,,,
,,,
,,,
,,,
,,,
,,,
,,,
,,,
,,,
,,,
,,,
,,,
,,,
,,,
,,,
,,,
,,,
,,,
,,,
,,,
,,,
,,,
,,,
,,,
,,,
,,,
,,,
,,,
,,,
,,,
,,,
,,,
,,,
,,,
,,,
,,,
,,,
,,,
,,,
,,,
,,,
,,,
,,,
,,,
,,,
,,,
,,,
,,,
,,,
,,,
,,,
,,,
,,,
,,,
,,,
,,,
,,,
,,,
,,,
,,,
,,,
,,,
,,,
,,,
,,,
,,,
,,,
,,,
,,,
,,,
,,,
,,,
,,,
,,,
,,,
,,,
,,,
,,,
,,,
,,,
,,,
,,,
,,,
,,,
,,,
,,,
,,,
,,,
,,,
,,,
,,,
,,,
,,,
,,,
,,,
,,,
,,,
,,,
,,,
,,,
,,,
,,,
,,,
,,,
,,,
,,,
,,,
,,,
,,,
,,,
,,,
,,,
,,,
,,,
,,,
,,,
,,,
,,,
,,,
,,,
,,,
,,,
,,,
,,,
,,,
,,,
,,,
,,,
,,,
,,,
,,,
,,,
,,,
,,,
,,,
,,,
,,,
,,,
,,,
,,,
,,,
,,,
,,,
,,,
,,,
,,,
,,,
,,,
,,,
,,,
,,,
,,,
,,,
,,,
,,,
,,,
,,,
,,,
,,,
,,,
,,,
,,,
,,,
,,,
,,,
,,,
,,,
,,,
,,,
,,,
,,,
,,,
,,,
,,,
,,,
,,,
,,,
,,,
,,,
,,,
,,,
,,,
,,,
,,,
,,,
,,,
,,,
,,,
,,,
,,,
,,,
,,,
,,,
,,,
,,,
,,,
,,,
,,,
,,,
,,,
,,,
,,,
,,,
,,,
,,,
,,,
,,,
,,,
,,,
,,,
,,,
,,,
,,,
,,,
,,,
,,,
,,,
,,,
,,,
,,,
,,,
,,,
,,,
,,,
,,,
,,,
,,,
,,,
,,,
,,,
,,,
,,,
,,,
,,,
,,,
,,,
,,,
,,,
,,,
,,,
,,,
,,,
,,,
,,,
,,,
,,,
,,,
,,,
,,,
,,,
,,,
,,,
,,,
,,,
,,,
,,,
,,,
,,,
,,,
,,,
,,,
,,,
,,,
,,,
,,,
,,,
,,,
,,,
,,,
,,,
,,,
,,,
,,,
,,,
,,,
,,,
,,,
,,,
,,,
,,,
,,,
,,,
,,,
,,,
,,,
,,,
,,,
,,,
,,,
,,,
,,,
,,,
,,,
,,,
,,,
,,,
,,,
,,,
,,,
,,,
,,,
,,,
,,,
,,,
,,,
,,,
,,,
,,,
,,,
,,,
,,,
,,,
,,,
,,,
,,,
,,,
,,,
,,,
,,,
,,,
,,,
,,,
,,,
,,,
,,,
,,,
,,,
,,,
,,,
,,,
,,,
,,,
,,,
,,,
,,,
,,,
,,,
,,,
,,,
,,,
,,,
,,,
,,,
,,,
,,,
,,,
,,,
,,,
,,,
,,,
,,,
,,,
,,,
,,,
,,,
,,,
,,,
,,,
,,,
,,,
,,,
,,,
,,,
,,,
,,,
,,,
,,,
,,,
,,,
,,,
,,,
,,,
,,,
,,,
,,,
,,,
,,,
,,,
,,,
,,,
,,,
,,,
,,,
,,,
,,,
,,,
,,,
,,,
,,,
,,,
,,,
,,,
,,,
,,,
,,,
,,,
,,,
,,,
,,,
,,,
,,,
,,,
,,,
,,,
,,,
,,,
,,,
,,,
,,,
,,,
,,,
,,,
,,,
,,,
,,,
,,,
,,,
,,,
,,,
,,,
,,,
,,,
,,,
,,,
,,,
,,,
,,,
,,,
,,,
,,,
,,,
,,,
,,,
,,,
,,,
,,,
,,,
,,,
,,,
,,,
,,,
,,,
,,,
,,,
,,,
,,,
,,,
,,,
,,,
,,,
,,,
,,,
,,,
,,,
,,,
,,,
,,,
,,,
,,,
,,,
,,,
,,,
,,,
,,,
,,,
,,,
,,,
,,,
,,,
,,,
,,,
,,,
,,,
,,,
,,,
,,,
,,,
,,,
,,,
,,,
,,,
,,,
,,,
,,,
,,,
,,,
,,,
,,,
,,,
,,,
,,,
,,,
,,,
,,,
,,,
,,,
,,,
,,,
,,,
,,,
,,,
,,,
,,,
,,,
,,,
,,,
,,,
,,,
,,,
,,,
,,,
,,,
,,,
,,,
,,,
,,,
,,,
,,,
,,,
,,,
,,,
,,,
,,,
,,,
,,,
,,,
,,,
,,,
,,,
,,,
,,,
,,,
,,,
,,,
,,,
,,,
,,,
,,,
,,,
,,,
,,,
,,,
,,,
,,,
,,,
,,,
,,,
,,,
,,,
,,,
,,,
,,,
,,,
,,,
,,,
,,,
,,,
,,,
,,,
,,,
,,,
,,,
,,,
,,,
,,,
,,,
,,,
,,,
,,,
,,,
,,,
,,,
,,,
,,,
,,,
,,,
,,,
,,,
,,,
,,,
,,,
,,,
,,,
,,,
,,,
,,,
,,,
,,,
,,,
,,,
,,,
,,,
,,,
,,,
,,,
,,,
,,,
,,,
,,,
,,,
,,,
,,,
,,,
,,,
,,,
,,,
,,,
,,,
,,,
,,,
,,,
,,,
,,,
,,,
,,,
,,,
,,,
,,,
,,,
,,,
,,,
,,,
,,,
,,,
,,,
,,,
,,,
,,,
,,,
,,,
,,,
,,,
,,,
,,,
,,,
,,,
,,,
,,,
,,,
,,,
,,,
,,,
,,,
,,,
,,,
,,,
,,,
,,,
,,,
,,,
,,,
,,,
,,,
,,,
,,,
,,,
,,,
,,,
,,,
,,,
,,,
,,,
,,,
,,,
,,,
,,,
,,,
,,,
,,,
,,,
,,,
,,,
,,,
,,,
,,,
,,,
,,,
,,,
,,,
,,,
,,,
,,,
,,,
,,,
,,,
,,,
,,,
,,,
,,,
,,,
,,,
,,,
,,,
,,,
,,,
,,,
,,,
,,,
,,,
,,,
,,,
,,,
,,,
,,,
,,,
,,,
,,,
,,,
,,,
,,,
,,,
,,,
,,,
,,,
,,,
,,,
,,,
,,,
,,,
,,,
,,,
,,,
,,,
,,,
,,,
,,,
,,,
,,,
,,,
,,,
,,,
,,,
,,,
,,,
,,,
,,,
,,,
,,,
,,,
,,,
,,,
,,,
,,,
,,,
,,,
,,,
,,,
,,,
,,,
,,,
,,,
,,,
,,,
,,,
,,,
,,,
,,,
,,,
,,,
,,,
,,,
,,,
,,,
,,,
,,,
,,,
,,,
,,,
,,,
,,,
,,,
,,,
,,,
,,,
,,,
,,,
,,,
,,,
,,,
,,,
,,,
,,,
,,,
,,,
,,,
,,,
,,,
,,,
,,,
,,,
,,,
,,,
,,,
,,,
,,,
,,,
,,,
,,,
,,,
,,,
,,,
,,,
,,,
,,,
,,,
,,,
,,,
,,,
,,,
,,,
,,,
,,,
,,,
,,,
,,,
,,,
,,,
,,,
,,,
,,,
,,,
,,,
,,,
,,,
,,,
,,,
,,,
,,,
,,,
,,,
,,,
,,,
,,,
,,,
,,,
,,,
,,,
,,,
,,,
,,,
,,,
,,,
,,,
,,,
,,,
,,,
,,,
,,,
,,,
,,,
,,,
,,,
,,,
,,,
,,,
,,,
,,,
,,,
,,,
,,,
,,,
,,,
,,,
,,,
,,,
,,,
,,,
,,,
,,,
,,,
,,,
,,,
,,,
,,,
,,,
,,,
,,,
,,,
,,,
,,,
,,,
,,,
,,,
,,,
,,,
,,,
,,,
,,,
,,,
,,,
,,,
,,,
,,,
,,,
,,,
,,,
,,,
,,,
,,,
,,,
,,,
,,,
,,,
,,,
,,,
,,,
,,,
,,,
,,,
,,,
,,,
,,,
,,,
,,,
,,,
,,,
,,,
,,,
,,,
,,,
,,,
,,,
,,,
,,,
,,,
,,,
,,,
,,,
,,,
,,,
,,,
,,,
,,,
,,,
,,,
,,,
,,,
,,,
,,,
,,,
,,,
,,,
,,,
,,,
,,,
,,,
,,,
,,,
,,,
,,,
,,,
,,,
,,,
,,,
,,,
,,,
,,,
,,,
,,,
,,,
,,,
,,,
,,,
,,,
,,,
,,,
,,,
,,,
,,,
,,,
,,,
,,,
,,,
,,,
,,,
,,,
,,,
,,,
,,,
,,,
,,,
,,,
,,,
,,,
,,,
,,,
,,,
,,,
,,,
,,,
,,,
,,,
,,,
,,,
,,,
,,,
,,,
,,,
,,,
,,,
,,,
,,,
,,,
,,,
,,,
,,,
,,,
,,,
,,,
,,,
,,,
,,,
,,,
,,,
,,,
,,,
,,,
,,,
,,,
,,,
,,,
,,,
,,,
,,,
,,,
,,,
,,,
,,,
,,,
,,,
,,,
,,,
,,,
,,,
,,,
,,,
,,,
,,,
,,,
,,,
,,,
,,,
,,,
,,,
,,,
,,,
,,,
,,,
,,,
,,,
,,,
,,,
,,,
,,,
,,,
,,,
,,,
,,,
,,,
,,,
,,,
,,,
,,,
,,,
,,,
,,,
,,,
,,,
,,,
,,,
,,,
,,,
,,,
,,,
,,,
,,,
,,,
,,,
,,,
,,,
,,,
,,,
,,,
,,,
,,,
,,,
,,,
,,,
,,,
,,,
,,,
,,,
,,,
,,,
,,,
,,,
,,,
,,,
,,,
,,,
,,,
,,,
,,,
,,,
,,,
,,,
,,,
,,,
,,,
,,,
,,,
,,,
,,,
,,,
,,,
,,,
,,,
,,,
,,,
,,,
,,,
,,,
,,,
,,,
,,,
,,,
,,,
,,,
,,,
,,,
,,,
,,,
,,,
,,,
,,,
,,,
,,,
,,,
,,,
,,,
,,,
,,,
,,,
,,,
,,,
,,,
,,,
,,,
,,,
,,,
,,,
,,,
,,,
,,,
,,,
,,,
,,,
,,,
,,,
,,,
,,,
,,,
,,,
,,,
,,,
,,,
,,,
,,,
,,,
,,,
,,,
,,,
,,,
,,,
,,,
,,,
,,,
,,,
,,,
,,,
,,,
,,,
,,,
,,,
,,,
,,,
,,,
,,,
,,,
,,,
,,,
,,,
,,,
,,,
,,,
,,,
,,,
,,,
,,,
,,,
,,,
,,,
,,,
,,,
,,,
,,,
,,,
,,,
,,,
,,,
,,,
,,,
,,,
,,,
,,,
,,,
,,,
,,,
,,,
,,,
,,,
,,,
,,,
,,,
,,,
,,,
,,,
,,,
,,,
,,,
,,,
,,,
,,,
,,,
,,,
,,,
,,,
,,,
,,,
,,,
,,,
,,,
,,,
,,,
,,,
,,,
,,,
,,,
,,,
,,,
,,,
,,,
,,,
,,,
,,,
,,,
,,,
,,,
,,,
,,,
,,,
,,,
,,,
,,,
,,,
,,,
,,,
,,,
,,,
,,,
,,,
,,,
,,,
,,,
,,,
,,,
,,,
,,,
,,,
,,,
,,,
,,,
,,,
,,,
,,,
,,,
,,,
,,,
,,,
,,,
,,,
,,,
,,,
,,,
,,,
,,,
,,,
,,,
,,,
,,,
,,,
,,,
,,,
,,,
,,,
,,,
,,,
,,,
,,,
,,,
,,,
,,,
,,,
,,,
,,,
,,,
,,,
,,,
,,,
,,,
,,,
,,,
,,,
,,,
,,,
,,,
,,,
,,,
,,,
,,,
,,,
,,,
,,,
,,,
,,,
,,,
,,,
,,,
,,,
,,,
,,,
,,,
,,,
,,,
,,,
,,,
,,,
,,,
,,,
,,,
,,,
,,,
,,,
,,,
,,,
,,,
,,,
,,,
,,,
,,,
,,,
,,,
,,,
,,,
,,,
,,,
,,,
,,,
,,,
,,,
,,,
,,,
,,,
,,,
,,,
,,,
,,,
,,,
,,,
,,,
,,,
,,,
,,,
,,,
,,,
,,,
,,,
,,,
,,,
,,,
,,,
,,,
,,,
,,,
,,,
,,,
,,,
,,,
,,,
,,,
,,,
,,,
,,,
,,,
,,,
,,,
,,,
,,,
,,,
,,,
,,,
,,,
,,,
,,,
,,,
,,,
,,,
,,,
,,,
,,,
,,,
,,,
,,,
,,,
,,,
,,,
,,,
,,,
,,,
,,,
,,,
,,,
,,,
,,,
,,,
,,,
,,,
,,,
,,,
,,,
,,,
,,,
,,,
,,,
,,,
,,,
,,,
,,,
,,,
,,,
,,,
,,,
,,,
,,,
,,,
,,,
,,,
,,,
,,,
,,,
,,,
,,,
,,,
,,,
,,,
,,,
,,,
,,,
,,,
,,,
,,,
,,,
,,,
,,,
,,,
,,,
,,,
,,,
,,,
,,,
,,,
,,,
,,,
,,,
,,,
,,,
,,,
,,,
,,,
,,,
,,,
,,,
,,,
,,,
,,,
,,,
,,,
,,,
,,,
,,,
,,,
,,,
,,,
,,,
,,,
,,,
,,,
,,,
,,,
,,,
,,,
,,,
,,,
,,,
,,,
,,,
,,,
,,,
,,,
,,,
,,,
,,,
,,,
,,,
,,,
,,,
,,,
,,,
,,,
,,,
,,,
,,,
,,,
,,,
,,,
,,,
,,,
,,,
,,,
,,,
,,,
,,,
,,,
,,,
,,,
,,,
,,,
,,,
,,,
,,,
,,,
,,,
,,,
,,,
,,,
,,,
,,,
,,,
,,,
,,,
,,,
,,,
,,,
,,,
,,,
,,,
,,,
,,,
,,,
,,,
,,,
,,,
,,,
,,,
,,,
,,,
,,,
,,,
,,,
,,,
,,,
,,,
,,,
,,,
,,,
,,,
,,,
,,,
,,,
,,,
,,,
,,,
,,,
,,,
,,,
,,,
,,,
,,,
,,,
,,,
,,,
,,,
,,,
,,,
,,,
,,,
,,,
,,,
,,,
,,,
,,,
,,,
,,,
,,,
,,,
,,,
,,,
,,,
,,,
,,,
,,,
,,,
,,,
,,,
,,,
,,,
,,,
,,,
,,,
,,,
,,,
,,,
,,,
,,,
,,,
,,,
,,,
,,,
,,,
,,,
,,,
,,,
,,,
,,,
,,,
,,,
,,,
,,,
,,,
,,,
,,,
,,,
,,,
,,,
,,,
,,,
,,,
,,,
,,,
,,,
,,,
,,,
,,,
,,,
,,,
,,,
,,,
,,,
,,,
,,,
,,,
,,,
,,,
,,,
,,,
,,,
,,,
,,,
,,,
,,,
,,,
,,,
,,,
,,,
,,,
,,,
,,,
,,,
,,,
,,,
,,,
,,,
,,,
,,,
,,,
,,,
,,,
,,,
,,,
,,,
,,,
,,,
,,,
,,,
,,,
,,,
,,,
,,,
,,,
,,,
,,,
,,,
,,,
,,,
,,,
,,,
,,,
,,,
,,,
,,,
,,,
,,,
,,,
,,,
,,,
,,,
,,,
,,,
,,,
,,,
,,,
,,,
,,,
,,,
,,,
,,,
,,,
,,,
,,,
,,,
,,,
,,,
,,,
,,,
,,,
,,,
,,,
,,,
,,,
,,,
,,,
,,,
,,,
,,,
,,,
,,,
,,,
,,,
,,,
,,,
,,,
,,,
,,,
,,,
,,,
,,,
,,,
,,,
,,,
,,,
,,,
,,,
,,,
,,,
,,,
,,,
,,,
,,,
,,,
,,,
,,,
,,,
,,,
,,,
,,,
,,,
,,,
,,,
,,,
,,,
,,,
,,,
,,,
,,,
,,,
,,,
,,,
,,,
,,,
,,,
,,,
,,,
,,,
,,,
,,,
,,,
,,,
,,,
,,,
,,,
,,,
,,,
,,,
,,,
,,,
,,,
,,,
,,,
,,,
,,,
,,,
,,,
,,,
,,,
,,,
,,,
,,,
,,,
,,,
,,,
,,,
,,,
,,,
,,,
,,,
,,,
,,,
,,,
,,,
,,,
,,,
,,,
,,,
,,,
,,,
,,,
,,,
,,,
,,,
,,,
,,,
,,,
,,,
,,,
,,,
,,,
,,,
,,,
,,,
,,,
,,,
,,,
,,,
,,,
,,,
,,,
,,,
,,,
,,,
,,,
,,,
,,,
,,,
,,,
,,,
,,,
,,,
,,,
,,,
,,,
,,,
,,,
,,,
,,,
,,,
,,,
,,,
,,,
,,,
,,,
,,,
,,,
,,,
,,,
,,,
,,,
,,,
,,,
,,,
,,,
,,,
,,,
,,,
,,,
,,,
,,,
,,,
,,,
,,,
,,,
,,,
,,,
,,,
,,,
,,,
,,,
,,,
,,,
,,,
,,,
,,,
,,,
,,,
,,,
,,,
,,,
,,,
,,,
,,,
,,,
,,,
,,,
,,,
,,,
,,,
,,,
,,,
,,,
,,,
,,,
,,,
,,,
,,,
,,,
,,,
,,,
,,,
,,,
,,,
,,,
,,,
,,,
,,,
,,,
,,,
,,,
,,,
,,,
,,,
,,,
,,,
,,,
,,,
,,,
,,,
,,,
,,,
,,,
,,,
,,,
,,,
,,,
,,,
,,,
,,,
,,,
,,,
,,,
,,,
,,,
,,,
,,,
,,,
,,,
,,,
,,,
,,,
,,,
,,,
,,,
,,,
,,,
,,,
,,,
,,,
,,,
,,,
,,,
,,,
,,,
,,,
,,,
,,,
,,,
,,,
,,,
,,,
,,,
,,,
,,,
,,,
,,,
,,,
,,,
,,,
,,,
,,,
,,,
,,,
,,,
,,,
,,,
,,,
,,,
,,,
,,,
,,,
,,,
,,,
,,,
,,,
,,,
,,,
,,,
,,,
,,,
,,,
,,,
,,,
,,,
,,,
,,,
,,,
,,,
,,,
,,,
,,,
,,,
,,,
,,,
,,,
,,,
,,,
,,,
,,,
,,,
,,,
,,,
,,,
,,,
,,,
,,,
,,,
,,,
,,,
,,,
,,,
,,,
,,,
,,,
,,,
,,,
,,,
,,,
,,,
,,,
,,,
,,,
,,,
,,,
,,,
,,,
,,,
,,,
,,,
,,,
,,,
,,,
,,,
,,,
,,,
,,,
,,,
,,,
,,,
,,,
,,,
,,,
,,,
,,,
,,,
,,,
,,,
,,,
,,,
,,,
,,,
,,,
,,,
,,,
,,,
,,,
,,,
,,,
,,,
,,,
,,,
,,,
,,,
,,,
,,,
,,,
,,,
,,,
,,,
,,,
,,,
,,,
,,,
,,,
,,,
,,,
,,,
,,,
,,,
,,,
,,,
,,,
,,,
,,,
,,,
,,,
,,,
,,,
,,,
,,,
,,,
,,,
,,,
,,,
,,,
,,,
,,,
,,,
,,,
,,,
,,,
,,,
,,,
,,,
,,,
,,,
,,,
,,,
,,,
,,,
,,,
,,,
,,,
,,,
,,,
,,,
,,,
,,,
,,,
,,,
,,,
,,,
,,,
,,,
,,,
,,,
,,,
,,,
,,,
,,,
,,,
,,,
,,,
,,,
,,,
,,,
,,,
,,,
,,,
,,,
,,,
,,,
,,,
,,,
,,,
,,,
,,,
,,,
,,,
,,,
,,,
,,,
,,,
,,,
,,,
,,,
,,,
,,,
,,,
,,,
,,,
,,,
,,,
,,,
,,,
,,,
,,,
,,,
,,,
,,,
,,,
,,,
,,,
,,,
,,,
,,,
,,,
,,,
,,,
,,,
,,,
,,,
,,,
,,,
,,,
,,,
,,,
,,,
,,,
,,,
,,,
,,,
,,,
,,,
,,,
,,,
,,,
,,,
,,,
,,,
,,,
,,,
,,,
,,,
,,,
,,,
,,,
,,,
,,,
,,,
,,,
,,,
,,,
,,,
,,,
,,,
,,,
,,,
,,,
,,,
,,,
,,,
,,,
,,,
,,,
,,,
,,,
,,,
,,,
,,,
,,,
,,,
,,,
,,,
,,,
,,,
,,,
,,,
,,,
,,,
,,,
,,,
,,,
,,,
,,,
,,,
,,,
,,,
,,,
,,,
,,,
,,,
,,,
,,,
,,,
,,,
,,,
,,,
,,,
,,,
,,,
,,,
,,,
,,,
,,,
,,,
,,,
,,,
,,,
,,,
,,,
,,,
,,,
,,,
,,,
,,,
,,,
,,,
,,,
,,,
,,,
,,,
,,,
,,,
,,,
,,,
,,,
,,,
,,,
,,,
,,,
,,,
,,,
,,,
,,,
,,,
,,,
,,,
,,,
,,,
,,,
,,,
,,,
,,,
,,,
,,,
,,,
,,,
,,,
,,,
,,,
,,,
,,,
,,,
,,,
,,,
,,,
,,,
,,,
,,,
,,,
,,,
,,,
,,,
,,,
,,,
,,,
,,,
,,,
,,,
,,,
,,,
,,,
,,,
,,,
,,,
,,,
,,,
,,,
,,,
,,,
,,,
,,,
,,,
,,,
,,,
,,,
,,,
,,,
,,,
,,,
,,,
,,,
,,,
,,,
,,,
,,,
,,,
,,,
,,,
,,,
,,,
,,,
,,,
,,,
,,,
,,,
,,,
,,,
,,,
,,,
,,,
,,,
,,,
,,,
,,,
,,,
,,,
,,,
,,,
,,,
,,,
,,,
,,,
,,,
,,,
,,,
,,,
,,,
,,,
,,,
,,,
,,,
,,,
,,,
,,,
,,,
,,,
,,,
,,,
,,,
,,,
,,,
,,,
,,,
,,,
,,,
,,,
,,,
,,,
,,,
,,,
,,,
,,,
,,,
,,,
,,,
,,,
,,,
,,,
,,,
,,,
,,,
,,,
,,,
,,,
,,,
,,,
,,,
,,,
,,,
,,,
,,,
,,,
,,,
,,,
,,,
,,,
,,,
,,,
,,,
,,,
,,,
,,,
,,,
,,,
,,,
,,,
,,,
,,,
,,,
,,,
,,,
,,,
,,,
,,,
,,,
,,,
,,,
,,,
,,,
,,,
,,,
,,,
,,,
,,,
,,,
,,,
,,,
,,,
,,,
,,,
,,,
,,,
,,,
,,,
,,,
,,,
,,,
,,,
,,,
,,,
,,,
,,,
,,,
,,,
,,,
,,,
,,,
,,,
,,,
,,,
,,,
,,,
,,,
,,,
,,,
,,,
,,,
,,,
,,,
,,,
,,,
,,,
,,,
,,,
,,,
,,,
,,,
,,,
,,,
,,,
,,,
,,,
,,,
,,,
,,,
,,,
,,,
,,,
,,,
,,,
,,,
,,,
,,,
,,,
,,,
,,,
,,,
,,,
,,,
,,,
,,,
,,,
,,,
,,,
,,,
,,,
,,,
,,,
,,,
,,,
,,,
,,,
,,,
,,,
,,,
,,,
,,,
,,,
,,,
,,,
,,,
,,,
,,,
,,,
,,,
,,,
,,,
,,,
,,,
,,,
,,,
,,,
,,,
,,,
,,,
,,,
,,,
,,,
,,,
,,,
,,,
,,,
,,,
,,,
,,,
,,,
,,,
,,,
,,,
,,,
,,,
,,,
,,,
,,,
,,,
,,,
,,,
,,,
,,,
,,,
,,,
,,,
,,,
,,,
,,,
,,,
,,,
,,,
,,,
,,,
,,,
,,,
,,,
,,,
,,,
,,,
,,,
,,,
,,,
,,,
,,,
,,,
,,,
,,,
,,,
,,,
,,,
,,,
,,,
,,,
,,,
,,,
,,,
,,,
,,,
,,,
,,,
,,,
,,,
,,,
,,,
,,,
,,,
,,,
,,,
,,,
,,,
,,,
,,,
,,,
,,,
,,,
,,,
,,,
,,,
,,,
,,,
,,,
,,,
,,,
,,,
,,,
,,,
,,,
,,,
,,,
,,,
,,,
,,,
,,,
,,,
,,,
,,,
,,,
,,,
,,,
,,,
,,,
,,,
,,,
,,,
,,,
,,,
,,,
,,,
,,,
,,,
,,,
,,,
,,,
,,,
,,,
,,,
,,,
,,,
,,,
,,,
,,,
,,,
,,,
,,,
,,,
,,,
,,,
,,,
,,,
,,,
,,,
,,,
,,,
,,,
,,,
,,,
,,,
,,,
,,,
,,,
,,,
,,,
,,,
,,,
,,,
,,,
,,,
,,,
,,,
,,,
,,,
,,,
,,,
,,,
,,,
,,,
,,,
,,,
,,,
,,,
,,,
,,,
,,,
,,,
,,,
,,,
,,,
,,,
,,,
,,,
,,,
,,,
,,,
,,,
,,,
,,,
,,,
,,,
,,,
,,,
,,,
,,,
,,,
,,,
,,,
,,,
,,,
,,,
,,,
,,,
,,,
,,,
,,,
,,,
,,,
,,,
,,,
,,,
,,,
,,,
,,,
,,,
,,,
,,,
,,,
,,,
,,,
,,,
,,,
,,,
,,,
,,,
,,,
,,,
,,,
,,,
,,,
,,,
,,,
,,,
,,,
,,,
,,,
,,,
,,,
,,,
,,,
,,,
,,,
,,,
,,,
,,,
,,,
,,,
,,,
,,,
,,,
,,,
,,,
,,,
,,,
,,,
,,,
,,,
,,,
,,,
,,,
,,,
,,,
,,,
,,,
,,,
,,,
,,,
,,,
,,,
,,,
,,,
,,,
,,,
,,,
,,,
,,,
,,,
,,,
,,,
,,,
,,,
,,,
,,,
,,,
,,,
,,,
,,,
,,,
,,,
,,,
,,,
,,,
,,,
,,,
,,,
,,,
,,,
,,,
,,,
,,,
,,,
,,,
,,,
,,,
,,,
,,,
,,,
,,,
,,,
,,,
,,,
,,,
,,,
,,,
,,,
,,,
,,,
,,,
,,,
,,,
,,,
,,,
,,,
,,,
,,,
,,,
,,,
,,,
,,,
,,,
,,,
,,,
,,,
,,,
,,,
,,,
,,,
,,,
,,,
,,,
,,,
,,,
,,,
,,,
,,,
,,,
,,,
,,,
,,,
,,,
,,,
,,,
,,,
,,,
,,,
,,,
,,,
,,,
,,,
,,,
,,,
,,,
,,,
,,,
,,,
,,,
,,,
,,,
,,,
,,,
,,,
,,,
,,,
,,,
,,,
,,,
,,,
,,,
,,,
,,,
,,,
,,,
,,,
,,,
,,,
,,,
,,,
,,,
,,,
,,,
,,,
,,,
,,,
,,,
,,,
,,,
,,,
,,,
,,,
,,,
,,,
,,,
,,,
,,,
,,,
,,,
,,,
,,,
,,,
,,,
,,,
,,,
,,,
,,,
,,,
,,,
,,,
,,,
,,,
,,,
,,,
,,,
,,,
,,,
,,,
,,,
,,,
,,,
,,,
,,,
,,,
,,,
,,,
,,,
,,,
,,,
,,,
,,,
,,,
,,,
,,,
,,,
,,,
,,,
,,,
,,,
,,,
,,,
,,,
,,,
,,,
,,,
,,,
,,,
,,,
,,,
,,,
,,,
,,,
,,,
,,,
,,,
,,,
,,,
,,,
,,,
,,,
,,,
,,,
,,,
,,,
,,,
,,,
,,,
,,,
,,,
,,,
,,,
,,,
,,,
,,,
,,,
,,,
,,,
,,,
,,,
,,,
,,,
,,,
,,,
,,,
,,,
,,,
,,,
,,,
,,,
,,,
,,,
,,,
,,,
,,,
,,,
,,,
,,,
,,,
,,,
,,,
,,,
,,,
,,,
,,,
,,,
,,,
,,,
,,,
,,,
,,,
,,,
,,,
,,,
,,,
,,,
,,,
,,,
,,,
,,,
,,,
,,,
,,,
,,,
,,,
,,,
,,,
,,,
,,,
,,,
,,,
,,,
,,,
,,,
,,,
,,,
,,,
,,,
,,,
,,,
,,,
,,,
,,,
,,,
,,,
,,,
,,,
,,,
,,,
,,,
,,,
,,,
,,,
,,,
,,,
,,,
,,,
,,,
,,,
,,,
,,,
,,,
,,,
,,,
,,,
,,,
,,,
,,,
,,,
,,,
,,,
,,,
,,,
,,,
,,,
,,,
,,,
,,,
,,,
,,,
,,,
,,,
,,,
,,,
,,,
,,,
,,,
,,,
,,,
,,,
,,,
,,,
,,,
,,,
,,,
,,,
,,,
,,,
,,,
,,,
,,,
,,,
,,,
,,,
,,,
,,,
,,,
,,,
,,,
,,,
,,,
,,,
,,,
,,,
,,,
,,,
,,,
,,,
,,,
,,,
,,,
,,,
,,,
,,,
,,,
,,,
,,,
,,,
,,,
,,,
,,,
,,,
,,,
,,,
,,,
,,,
,,,
,,,
,,,
,,,
,,,
,,,
,,,
,,,
,,,
,,,
,,,
,,,
,,,
,,,
,,,
,,,
,,,
,,,
,,,
,,,
,,,
,,,
,,,
,,,
,,,
,,,
,,,
,,,
,,,
,,,
,,,
,,,
,,,
,,,
,,,
,,,
,,,
,,,
,,,
,,,
,,,
,,,
,,,
,,,
,,,
,,,
,,,
,,,
,,,
,,,
,,,
,,,
,,,
,,,
,,,
,,,
,,,
,,,
,,,
,,,
,,,
,,,
,,,
,,,
,,,
,,,
,,,
,,,
,,,
,,,
,,,
,,,
,,,
,,,
,,,
,,,
,,,
,,,
,,,
,,,
,,,
,,,
,,,
,,,
,,,
,,,
,,,
,,,
,,,
,,,
,,,
,,,
,,,
,,,
,,,
,,,
,,,
,,,
,,,
,,,
,,,
,,,
,,,
,,,
,,,
,,,
,,,
,,,
,,,
,,,
,,,
,,,
,,,
,,,
,,,
,,,
,,,
,,,
,,,
,,,
,,,
,,,
,,,
,,,
,,,
,,,
,,,
,,,
,,,
,,,
,,,
,,,
,,,
,,,
,,,
,,,
,,,
,,,
,,,
,,,
,,,
,,,
,,,
,,,
,,,
,,,
,,,
,,,
,,,
,,,
,,,
,,,
,,,
,,,
,,,
,,,
,,,
,,,
,,,
,,,
,,,
,,,
,,,
,,,
,,,
,,,
,,,
,,,
,,,
,,,
,,,
,,,
,,,
,,,
,,,
,,,
,,,
,,,
,,,
,,,
,,,
,,,
,,,
,,,
,,,
,,,
,,,
,,,
,,,
,,,
,,,
,,,
,,,
,,,
,,,
,,,
,,,
,,,
,,,
,,,
,,,
,,,
,,,
,,,
,,,
,,,
,,,
,,,
,,,
,,,
,,,
,,,
,,,
,,,
,,,
,,,
,,,
,,,
,,,
,,,
,,,
,,,
,,,
,,,
,,,
,,,
,,,
,,,
,,,
,,,
,,,
,,,
,,,
,,,
,,,
,,,
,,,
,,,
,,,
,,,
,,,
,,,
,,,
,,,
,,,
,,,
,,,
,,,
,,,
,,,
,,,
,,,
,,,
,,,
,,,
,,,
,,,
,,,
,,,
,,,
,,,
,,,
,,,
,,,
,,,
,,,
,,,
,,,
,,,
,,,
,,,
,,,
,,,
,,,
,,,
,,,
,,,
,,,
,,,
,,,
,,,
,,,
,,,
,,,
,,,
,,,
,,,
,,,
,,,
,,,
,,,
,,,
,,,
,,,
,,,
,,,
,,,
,,,
,,,
,,,
,,,
,,,
,,,
,,,
,,,
,,,
,,,
,,,
,,,
,,,
,,,
,,,
,,,
,,,
,,,
,,,
,,,
,,,
,,,
,,,
,,,
,,,
,,,
,,,
,,,
,,,
,,,
,,,
,,,
,,,
,,,
,,,
,,,
,,,
,,,
,,,
,,,
,,,
,,,
,,,
,,,
,,,
,,,
,,,
,,,
,,,
,,,
,,,
,,,
,,,
,,,
,,,
,,,
,,,
,,,
,,,
,,,
,,,
,,,
,,,
,,,
,,,
,,,
,,,
,,,
,,,
,,,
,,,
,,,
,,,
,,,
,,,
,,,
,,,
,,,
,,,
,,,
,,,
,,,
,,,
,,,
,,,
,,,
,,,
,,,
,,,
,,,
,,,
,,,
,,,
,,,
,,,
,,,
,,,
,,,
,,,
,,,
,,,
,,,
,,,
,,,
,,,
,,,
,,,
,,,
,,,
,,,
,,,
,,,
,,,
,,,
,,,
,,,
,,,
,,,
,,,
,,,
,,,
,,,
,,,
,,,
,,,
,,,
,,,
,,,
,,,
,,,
,,,
,,,
,,,
,,,
,,,
,,,
,,,
,,,
,,,
,,,
,,,
,,,
,,,
,,,
,,,
,,,
,,,
,,,
,,,
,,,
,,,
,,,
,,,
,,,
,,,
,,,
,,,
,,,
,,,
,,,
,,,
,,,
,,,
,,,
,,,
,,,
,,,
,,,
,,,
,,,
,,,
,,,
,,,
,,,
,,,
,,,
,,,
,,,
,,,
,,,
,,,
,,,
,,,
,,,
,,,
,,,
,,,
,,,
,,,
,,,
,,,
,,,
,,,
,,,
,,,
,,,
,,,
,,,
,,,
,,,
,,,
,,,
,,,
,,,
,,,
,,,
,,,
,,,
,,,
,,,
,,,
,,,
,,,
,,,
,,,
,,,
,,,
,,,
,,,
,,,
,,,
,,,
,,,
,,,
,,,
,,,
,,,
,,,
,,,
,,,
,,,
,,,
,,,
,,,
,,,
,,,
,,,
,,,
,,,
,,,
,,,
,,,
,,,
,,,
,,,
,,,
,,,
,,,
,,,
,,,
,,,
,,,
,,,
,,,
,,,
,,,
,,,
,,,
,,,
,,,
,,,
,,,
,,,
,,,
,,,
,,,
,,,
,,,
,,,
,,,
,,,
,,,
,,,
,,,
,,,
,,,
,,,
,,,
,,,
,,,
,,,
,,,
,,,
,,,
,,,
,,,
